{"type":"Feature","properties":{"name":"Singapore land (URA MP2019, no sea)"},"geometry":{"type":"MultiPolygon","coordinates":[[[[103.74134282930031,1.1599682514469214],[103.74126091912514,1.1597888581033489],[103.74130389714395,1.159976941116644],[103.74134282930031,1.1599682514469214]]],[[[103.74099923977826,1.1603769849371623],[103.74107127304977,1.1600762779421674],[103.74084245027692,1.1596007284018668],[103.74086951966363,1.1593954385335827],[103.74106207225107,1.1592496974598605],[103.74118211615958,1.15938105130607],[103.74067525135533,1.1586987006322145],[103.74039599149661,1.159192709613632],[103.74038225603422,1.1596654304643785],[103.74063739120608,1.1602793749085238],[103.74122622925188,1.1611439034917017],[103.7413187586115,1.1610789821913128],[103.74137977561072,1.160243070964838],[103.74131394454496,1.1604649094421975],[103.74110266304801,1.1604614478444584],[103.74099923977826,1.1603769849371623]]],[[[103.74226324401882,1.1638199973435956],[103.74201160461321,1.164815794029151],[103.74190283563048,1.1649936247279717],[103.74188582277215,1.1651263568550292],[103.74200103460288,1.1652087220015848],[103.74224681833391,1.164667350245151],[103.74258107973654,1.164324471264332],[103.7424963902094,1.1639520150086746],[103.74226324401882,1.1638199973435956]]],[[[103.73465651668867,1.1752856508347485],[103.73460272790396,1.1749268152519652],[103.73491541022175,1.1747935592288434],[103.7352054359545,1.1748389776271457],[103.73530496150303,1.1751389497466413],[103.73625919274133,1.175529713901346],[103.73673996153616,1.175575237389894],[103.73675449820865,1.174822120331956],[103.73647932813256,1.1744151558274316],[103.73660102672214,1.173992297377996],[103.73654806296922,1.174430451024963],[103.7368155083172,1.1747682313808252],[103.73685451164722,1.1755982131346514],[103.73765593170918,1.1757970653966916],[103.73827680516057,1.1755427432965884],[103.73864322256843,1.175295167979901],[103.73927035944747,1.175277861684063],[103.73944576166483,1.1751078651967686],[103.7395071177859,1.1751847382486489],[103.73985827027107,1.174914109992587],[103.73995607416542,1.1743130084587996],[103.74014537539178,1.1744356565849967],[103.74023223615865,1.1746280178188542],[103.74146281422584,1.1743778030624323],[103.74151540635523,1.1740156339520451],[103.7414230654041,1.1738003116605313],[103.74139980937922,1.1733359459487929],[103.7409914683017,1.1727637672286213],[103.74069163251306,1.172672516829007],[103.74049505664098,1.1724549563554456],[103.74045215751549,1.1720519158489702],[103.74026316923205,1.171979840729803],[103.73990415995777,1.1721095507402912],[103.73941524282708,1.1725861072185466],[103.73915804291772,1.1727060534227223],[103.73876625966413,1.1724645386509809],[103.73856794166636,1.17222338312689],[103.7390795857797,1.1724383317589964],[103.73955988422325,1.1722947077831491],[103.7397890158965,1.1718743126309785],[103.73983218325209,1.1715013632182518],[103.73958586680378,1.1701936249237153],[103.73952498041709,1.170043933372409],[103.73919915382781,1.169878695001646],[103.7395966955625,1.1685131903819663],[103.73966812808948,1.1673731147310478],[103.73963166194146,1.1672541090892774],[103.73871668709667,1.166871675881661],[103.73844268453335,1.1665189554087922],[103.73804916289572,1.1664310287576596],[103.73771257938017,1.1666029007751302],[103.73697717077502,1.1667538591683255],[103.73672344753572,1.1666393488325253],[103.73589041211314,1.16719253771077],[103.73562363699288,1.167503142291842],[103.73524079162725,1.167613433294182],[103.73507152680342,1.167513947264854],[103.73477776823587,1.1670905044791982],[103.73443221710252,1.1670151496778158],[103.73378134645293,1.1672119614682477],[103.73356020835132,1.167452758671348],[103.73333258528578,1.1679098795663236],[103.73317201951883,1.1679957793785738],[103.73284078300057,1.1686349179056572],[103.73267310704298,1.1688304173367365],[103.73232781729087,1.168980050018501],[103.73231476045895,1.1692771151253425],[103.73204646478399,1.1693791990793903],[103.7319478839432,1.1695585038017173],[103.7320506440887,1.169844738827426],[103.73200677012323,1.1701011968525687],[103.73184735771062,1.170366423004291],[103.73137605673033,1.171907162119412],[103.73110900317508,1.1721888346504818],[103.7305102342475,1.1724115122761403],[103.7303742712949,1.172707578001333],[103.73008030483874,1.172570537840923],[103.7296970143762,1.1725446406843072],[103.72930354988408,1.172843753491876],[103.72878199086598,1.1727708159555537],[103.72856570561626,1.1729627853342808],[103.72829679164786,1.1730075240319169],[103.72814087054138,1.173362272153454],[103.72826633629677,1.1738682595898975],[103.7283587920232,1.173869167448476],[103.72874060447903,1.174261041928094],[103.72936423835007,1.1751753874568989],[103.72953242334455,1.1753245143588247],[103.72970178968737,1.1753571772785993],[103.73012363837533,1.175052729754496],[103.73067396609312,1.1759128909478211],[103.73138857558715,1.176296385816542],[103.73154411045931,1.1761808318710025],[103.73162762215219,1.1757964982293743],[103.73169634855641,1.175796419355455],[103.73179595129317,1.1761881754972274],[103.73200969259625,1.1762801571569712],[103.73231482663448,1.1762029717586142],[103.73284158424084,1.1764021499924597],[103.7331390717521,1.1763326332344104],[103.7335127669424,1.1761016178161363],[103.73358888395286,1.175963252820961],[103.73397818442542,1.1760319360777294],[103.73452746062641,1.1756625762407689],[103.73465651668867,1.1752856508347485]]],[[[103.7286901386754,1.1919275311313495],[103.72910017178047,1.191941293113327],[103.72924304065695,1.1920133944531779],[103.72957601401981,1.1914085865048194],[103.72948978808637,1.1913081807379693],[103.7290339380807,1.1913510754848677],[103.72863419763142,1.1912136963746074],[103.72842266151399,1.1909944885249082],[103.72797297074416,1.190921127340109],[103.72770520503421,1.190495649934436],[103.72780021636484,1.190409802319848],[103.72800459436453,1.1907611194308085],[103.72848146510975,1.1908535727735472],[103.72900515508356,1.191213936624627],[103.72948695838932,1.1910521551657285],[103.7301664529703,1.191080813014587],[103.73032151524288,1.1908928648643444],[103.73077752609991,1.1898988682633698],[103.73136837608992,1.1891309585535148],[103.7314171257327,1.1887307882821667],[103.73162269535142,1.1887186150293398],[103.73167141739201,1.188580555701355],[103.73148428652024,1.188309329959089],[103.73130858770885,1.1882003746874832],[103.7312046936818,1.1881950983813627],[103.73108948252779,1.1883241920713106],[103.73093465909322,1.1881318190080978],[103.73090666056423,1.1879174384490523],[103.73098726906011,1.1876010315788534],[103.73116250018009,1.1879415583283994],[103.73172929745745,1.18788887301857],[103.73178507715036,1.1871376107407452],[103.73154263299797,1.1866579541579383],[103.73101439305161,1.1866502926683455],[103.7306469271703,1.1867639394478684],[103.73048424786535,1.1868972637666488],[103.73002431096117,1.1866826327742617],[103.72991555466248,1.1867156280261077],[103.72967343605164,1.185948447747577],[103.72930745584208,1.1859795341061115],[103.72938615996458,1.1863520437455148],[103.72932080560763,1.1865148638880663],[103.72865873920632,1.187547324076658],[103.72851344744724,1.1876382252104423],[103.72853006327952,1.1878112939934469],[103.72832559029762,1.1882892244927155],[103.72838269207818,1.1880049307949476],[103.72830965585877,1.1876794745128434],[103.72857766928563,1.1874881394020564],[103.7288680809089,1.186858125235173],[103.72919639025706,1.1864972512092093],[103.72915716903255,1.1862964537664615],[103.72889357281666,1.1858645827899297],[103.72830661696912,1.187016638853931],[103.72790820002477,1.1870623301556715],[103.72759942160813,1.187248544932295],[103.72745285615882,1.1872816028364164],[103.727298193646,1.1871189017839694],[103.72721373288176,1.1871521248572487],[103.72666770196172,1.1869245928611896],[103.7272996507555,1.1870787119030817],[103.72752027327908,1.1872220621063436],[103.72783634805151,1.1870228790386252],[103.72829322288167,1.1869470294409206],[103.72852800614719,1.186367594264461],[103.72870155157192,1.1861505806290777],[103.72864612957932,1.1859939960207118],[103.72873143214991,1.1857704413723358],[103.72849529582852,1.1855382007342488],[103.72852355082695,1.1851394405618763],[103.72867464401013,1.1846437100996525],[103.7285514487013,1.1842012353420928],[103.72857496524644,1.1838903348579426],[103.72866550817136,1.1838730730844809],[103.72838910292478,1.1833517428026752],[103.72754968820735,1.1834898251937815],[103.72698385684787,1.1834474701372808],[103.72648093622352,1.183236878566716],[103.72582910831758,1.1827488131883765],[103.72544322536847,1.1825810114667206],[103.72512161590303,1.1827878178676505],[103.72507613529545,1.1829769276351396],[103.72486449610709,1.1831206589277758],[103.7248741147535,1.183232176427979],[103.72471803038927,1.183135873606926],[103.72436515734596,1.183228005325737],[103.72406564789789,1.182823371994492],[103.72199195198299,1.1817732321301377],[103.72206229948746,1.181455124965322],[103.72119469613094,1.181220606395735],[103.72104559280784,1.1813626125951708],[103.72089514156991,1.1817316954525705],[103.72074897339071,1.1817230437758734],[103.72071387716052,1.1815170373009096],[103.72003590950307,1.1809009840438596],[103.71938694670521,1.1800423724210092],[103.7190852727261,1.180083372867539],[103.71923375727549,1.1807942722683622],[103.71942984519828,1.1808280764369454],[103.71935500265322,1.1812015213452591],[103.71918591752473,1.1813193077475261],[103.7191954963609,1.18152007690966],[103.71909149398212,1.181733402986166],[103.7189521314247,1.182967762457635],[103.71887422836288,1.1832551126799338],[103.71868772666066,1.1832373341813895],[103.71846122362345,1.183633327561905],[103.71841480445862,1.1843693601679144],[103.7180389210938,1.1853148386733374],[103.71806940629541,1.185557616398955],[103.71789380652409,1.185896085254283],[103.71788730219687,1.1860925118812315],[103.71718925544354,1.1864869939765144],[103.71717142693304,1.1867545492277023],[103.71738512803135,1.1871692180593991],[103.71781261170197,1.1871224895052126],[103.71797201348865,1.1871704365240412],[103.71816936157673,1.1873768748705482],[103.71864001676549,1.187370980022527],[103.71888920523315,1.1872240123120181],[103.71913910784147,1.1871901099734055],[103.72129400339489,1.1875923692920176],[103.72177546182476,1.1872843444743808],[103.72213582103659,1.1867162738773103],[103.72234147758836,1.1867729948483576],[103.72260518094427,1.1869709616951618],[103.72225846583643,1.1876453318393745],[103.7220822633318,1.1882349880307836],[103.72300317451855,1.1894437527444224],[103.72301412959267,1.1896124170482298],[103.7231629546612,1.1896996851030166],[103.72306531323399,1.1899456229339844],[103.72331536296208,1.190513058011764],[103.72376673062129,1.1911190270377152],[103.72405025388568,1.1913587228351634],[103.72445580515401,1.191553465725256],[103.72469479996144,1.1915273300597986],[103.72485892853865,1.1917987361805227],[103.72519004098244,1.1919336080329377],[103.72569132020529,1.191874880314987],[103.72626685926036,1.192093867493956],[103.72668738268598,1.1919837776032385],[103.7268619616395,1.19224186274923],[103.7277694272224,1.192228332454835],[103.7286901386754,1.1919275311313495]]],[[[103.73633437252086,1.190218193541623],[103.73686443016406,1.1906613597866005],[103.73734958834731,1.190932704199095],[103.73786170467378,1.1910955257581268],[103.73794258673915,1.1908784992337025],[103.73783479354016,1.1905981515906234],[103.73761917707313,1.1903901312362715],[103.73741257429506,1.1898746544567045],[103.73720594141317,1.1897118526042831],[103.73717900177985,1.1895219442040699],[103.73704424971207,1.1893772411908452],[103.7369903658128,1.1891059390582823],[103.73681069290676,1.1888074925306444],[103.73603801835478,1.188671774426584],[103.73555281905335,1.1888435502117922],[103.73553483358243,1.1890244133755232],[103.73617271157848,1.189494723543236],[103.73612775568486,1.1898293186364135],[103.73633437252086,1.190218193541623]]],[[[103.72279851074073,1.1910762117165166],[103.72294781711594,1.191488589573416],[103.7232546958318,1.1913959769825824],[103.72356078909739,1.1910116617534028],[103.72328315056846,1.1905368595753565],[103.72305714270026,1.190476429937473],[103.72268835697308,1.1907726032773882],[103.72266848291551,1.1909752613714129],[103.72279851074073,1.1910762117165166]]],[[[103.72491828907494,1.212624763905221],[103.72355880280973,1.2130548693802081],[103.7232622057252,1.2121088837484464],[103.72357561378037,1.2114983244098323],[103.72421830201792,1.2106057073166092],[103.72455933380466,1.2103493791911137],[103.7253139735792,1.2099748491854718],[103.72590111100189,1.2098883159860911],[103.72704277704976,1.2101512779010635],[103.72742751385258,1.2105473320719797],[103.72820548812783,1.2108859835095307],[103.72846973943284,1.2111325785740343],[103.72861696403952,1.2113762723901558],[103.728054171986,1.2116375591532358],[103.72809892122989,1.2116922468824687],[103.72906728281288,1.2112324607330043],[103.72943669092416,1.2109341705698258],[103.7297364982656,1.2104484301598017],[103.7302384354644,1.2087581117802935],[103.73063006723498,1.2079007715763843],[103.73033798124202,1.208292051610863],[103.7300004671742,1.2093989539679082],[103.7296212966884,1.2095870995667304],[103.72936889671216,1.2095550220069398],[103.72919866109821,1.2096443403680706],[103.72905476276904,1.2094488194660222],[103.72876931039069,1.2093160658780127],[103.72858806203823,1.2093264309951428],[103.7283987159457,1.2091351787042341],[103.72805945573425,1.2091549611074703],[103.72779938165121,1.2088897200079194],[103.72763847378806,1.2085066712889443],[103.72749734835226,1.208406262375775],[103.72751115984602,1.2081388877339285],[103.72738110884417,1.2079160555113033],[103.72754302105297,1.2079074351321464],[103.72841555348872,1.2068310952360908],[103.72879269289174,1.2066459955958557],[103.72915711517173,1.2067795299575572],[103.72965391438117,1.2066983190888578],[103.73028700062694,1.2063570363315324],[103.73164443308563,1.205227654626663],[103.7320215028552,1.2052138229549458],[103.7321437845612,1.205367831682104],[103.73225189531298,1.2052929182052738],[103.73240013812652,1.205387239864782],[103.73193822972596,1.2059181837632864],[103.73198161739799,1.2059573986137968],[103.73360459682627,1.2040369703681326],[103.73365031313733,1.2035401135140709],[103.73334970368603,1.2033942918190514],[103.73176366452984,1.203312975740644],[103.73203829241633,1.20336464329166],[103.73210850179854,1.203858672864366],[103.73174098932678,1.2044401380538259],[103.73110041797244,1.2048116257810397],[103.72981568744459,1.2049006305876553],[103.7297313367106,1.2048611147944175],[103.72976760582831,1.2047231834928658],[103.72963139871932,1.2040817671737838],[103.7296808533026,1.2031153838029582],[103.73085128067616,1.2033176802673455],[103.730861013675,1.203260642396722],[103.7266208469824,1.2024744418706401],[103.72580010985853,1.2025464420413288],[103.72532443636726,1.2028071331551367],[103.72435627901461,1.2031217678159252],[103.72318553323076,1.203261715113919],[103.7207577787187,1.203177085407472],[103.7181441352337,1.2026029850576632],[103.71686676177953,1.202548460687906],[103.7154103044636,1.2027488951577063],[103.71374780190652,1.2031278130626755],[103.71077529095088,1.2036485764466467],[103.70778465267774,1.204070406407797],[103.70749892348867,1.204154381367637],[103.70710632040762,1.204719635354976],[103.70710807132565,1.205155158692407],[103.70745743205921,1.205701409469406],[103.7089132185929,1.2068361190553283],[103.71067316493931,1.2077140378840527],[103.71172860337447,1.2087017680016316],[103.71208238145165,1.2091311666181142],[103.71282809430396,1.2103123800484932],[103.71344151727881,1.2109359750372932],[103.71427732873327,1.2114159939696885],[103.71691379337052,1.2119705112346089],[103.71922121334534,1.212558464490884],[103.72112477213552,1.2133270637648097],[103.72191218688364,1.2134907320807344],[103.72403689622811,1.2129729263688633],[103.72491828907494,1.212624763905221]]],[[[103.70658294556985,1.2167480664709855],[103.70625946899393,1.2169922020750812],[103.7062774107311,1.2172182846678437],[103.70646608978244,1.2172183026508085],[103.70696030150884,1.216793320532096],[103.70736464009532,1.2166396249527278],[103.707544360317,1.216458787883605],[103.70755335048432,1.216350264722216],[103.70731077591049,1.2162145898121155],[103.70679862677561,1.2163230531031972],[103.7065470189945,1.2166214539303088],[103.70658294556985,1.2167480664709855]]],[[[103.75395718932094,1.2246335495200655],[103.75327799794013,1.2252869695787068],[103.7530524865337,1.225056918702486],[103.75282807977345,1.224484584897258],[103.75285038529947,1.224038905734522],[103.75297293375426,1.2237512311047898],[103.7538966828985,1.2240298392230808],[103.7519059639434,1.2233774791711474],[103.75126955229231,1.223393087076062],[103.75162441179505,1.22343012355812],[103.75220890519408,1.223777009477527],[103.75224527380364,1.2238901284862838],[103.75225217653889,1.2244179148682601],[103.7519423264199,1.2248853722880835],[103.75155389712361,1.2260944232369049],[103.75123932073886,1.2265234982737696],[103.75093061197029,1.2267048852281772],[103.75059915476525,1.2270517900106566],[103.74923534399748,1.227713533900607],[103.75045492072609,1.2271742274084645],[103.7522698865886,1.2262028775383869],[103.75277499069094,1.2258428120495375],[103.75381191065017,1.2248451302938381],[103.75395718932094,1.2246335495200655]]],[[[103.74707050782716,1.2282113622460316],[103.74703230664839,1.2275305383956678],[103.74727101975841,1.2265761786456526],[103.74754328959081,1.2262728455705552],[103.74923774161654,1.2260326109805553],[103.74974504487167,1.2260445546290561],[103.75018554248082,1.225790966577996],[103.75027069254246,1.225581907326814],[103.75014144057455,1.2252932754028112],[103.74948236192692,1.2246324176048013],[103.74935992591269,1.224181108804197],[103.7494777014321,1.2239634229686112],[103.75017886711436,1.2234381087160133],[103.75040038637718,1.2234809282257868],[103.74924188897143,1.222982831352997],[103.74895408665182,1.2229233150888417],[103.74864953238416,1.2229785168801246],[103.74691669123963,1.2242596199413438],[103.7473010582981,1.2240081286666822],[103.74773599679155,1.2239479481836266],[103.74799419448738,1.224245166755485],[103.74803839429619,1.2244754374147195],[103.74801613618469,1.2248171145858473],[103.7478536357225,1.2251810346185859],[103.74735299660978,1.2255468429003542],[103.74697331892904,1.225566609054852],[103.74673117744659,1.224999275383258],[103.7471704863295,1.2262377803607658],[103.74721845571419,1.2265698463939858],[103.74709823382459,1.2271616313544396],[103.74680474937277,1.2277581857090145],[103.74681936056784,1.2280260136633916],[103.74707169144443,1.228287093748741],[103.74738063728223,1.2283200416177087],[103.7484210077209,1.2279777542065249],[103.74741730781105,1.2282588616563757],[103.74707050782716,1.2282113622460316]]],[[[103.75710162300982,1.236671364791028],[103.75739694519058,1.2366594356991536],[103.7578403221561,1.236238883682896],[103.75899423295942,1.2324289463859546],[103.75935534771548,1.2316120648331397],[103.7601151618905,1.2310260755880729],[103.76135676404117,1.2304388408011397],[103.76360790741323,1.2297707554821182],[103.76398740194784,1.2299781362400162],[103.76490846985578,1.2301480088888026],[103.76573243076805,1.2301566305312195],[103.76723779631203,1.2298731103612848],[103.76727565161175,1.2300298051477623],[103.76820462438988,1.2295943132143499],[103.76813386959243,1.2294430555747107],[103.76879302225271,1.2291411323465748],[103.76920712120359,1.2288104704655114],[103.76978494786522,1.2285761544133753],[103.77028769758387,1.2281554387333697],[103.77024929096545,1.2280528077959982],[103.77077952826849,1.2274283130562336],[103.77004784174629,1.2264555700418238],[103.77007213163834,1.226331283770372],[103.76993259182157,1.2263224267169002],[103.76889550781168,1.2249955992309673],[103.76766787792532,1.2250687775642324],[103.76762291002048,1.2249474378392544],[103.7674579926598,1.225080402510044],[103.76382863884298,1.2252094806446676],[103.75941038166133,1.2261374657641042],[103.75906828092096,1.2262518058988074],[103.75212528204918,1.2298524835642048],[103.7452633657811,1.2313521517275534],[103.7432504236376,1.2312363064352154],[103.74266913268144,1.2313304571396797],[103.7410280216404,1.23208154810274],[103.74056789643382,1.23239528305203],[103.74015998743356,1.2328732613104296],[103.73967173310871,1.2341061454974662],[103.73967136438743,1.2343980289809589],[103.7397802903572,1.234679624673553],[103.74001141733486,1.2349016723104433],[103.74128011471808,1.23535869200119],[103.74308784360943,1.2366216265548915],[103.74385699701322,1.236873102162973],[103.74628735090701,1.2372963174215494],[103.7471557812487,1.2373116477953356],[103.74931692695274,1.2369726080876242],[103.74974432305554,1.2368133721646553],[103.75024054374815,1.2364347938225542],[103.75050804419203,1.2361281323006015],[103.75069989939807,1.235718443197581],[103.75447516256104,1.2342830520309784],[103.75495893895419,1.2353626966536302],[103.7564728708421,1.2365276891587826],[103.75710162300982,1.236671364791028]]],[[[103.64807986977922,1.2399133754272162],[103.64802212791085,1.2395688552399446],[103.64824644560053,1.2396649231539825],[103.64820410255915,1.239734094708108],[103.64807034216636,1.239702405545712],[103.64810909253308,1.2398846007346962],[103.64860734345913,1.2398287915071184],[103.64878618499706,1.2396830383273212],[103.64877225612604,1.2394627269913308],[103.64829808290803,1.2392852852979879],[103.64772230083183,1.2393255973204202],[103.64765977171926,1.2394582716319376],[103.64784515931117,1.2395144635770066],[103.64794852386096,1.239659792543998],[103.64783004258413,1.2398248571082033],[103.6477253342763,1.239750845907313],[103.64772909892358,1.2398820146129834],[103.64807986977922,1.2399133754272162]]],[[[103.64767359888448,1.2397313352022041],[103.64758829910643,1.2396501257528927],[103.64758312570608,1.239491447208003],[103.64749707514716,1.2396111413766209],[103.64767359888448,1.2397313352022041]]],[[[103.71187750931503,1.2996101603407488],[103.71184516269045,1.2928032642674634],[103.7121499382093,1.292053762007944],[103.71253392443441,1.29162539096804],[103.71741545851282,1.290672104613269],[103.71759235058268,1.2908483721673052],[103.71785040629993,1.291913830322611],[103.71793763495977,1.2919899075189023],[103.71815755435269,1.2919934074978479],[103.71965812762566,1.291608352492504],[103.71979239295482,1.2914655125755337],[103.71978709563697,1.291333309829524],[103.71887315268103,1.289986932449908],[103.72019919009952,1.2911375282840643],[103.72064086934711,1.291320115421863],[103.72100053152431,1.2913430443854772],[103.7217450714458,1.2911256350253708],[103.72451613294962,1.2895956501820338],[103.72487850420126,1.289190728056977],[103.72532478445876,1.2884892325609631],[103.72589857171751,1.2872282118991423],[103.72625088252256,1.2858925644987824],[103.72645609030096,1.284173657915888],[103.7268490076989,1.2838416835378463],[103.72712467049803,1.2833965764752935],[103.7284304524159,1.2820714217946736],[103.72918981540397,1.2809540848393088],[103.72957480519915,1.2806635457621034],[103.72985817470847,1.2809380867650906],[103.73014707216943,1.2807161496062867],[103.73036339505133,1.280937492276976],[103.7305395247128,1.2807730680256675],[103.73031894203861,1.280547367069718],[103.73052013181619,1.2803615366426082],[103.73071357856537,1.2805676479754935],[103.73089137800869,1.280394452341291],[103.7306902226451,1.2801899857482049],[103.73085697960254,1.2800254435233571],[103.73066967838734,1.2798314138422326],[103.73090704336381,1.279413860679566],[103.73087504951022,1.2793375853768085],[103.73124141533071,1.2796504284527943],[103.73138369505857,1.2795119399195163],[103.7315894873941,1.2797261918574316],[103.73185260691098,1.2794700865973008],[103.73164754238721,1.279255780447286],[103.7318421368899,1.279065455852732],[103.73169206052641,1.278909212033805],[103.73195003998283,1.278661643741413],[103.73337811557279,1.27850523615464],[103.7337785294919,1.278547431327874],[103.73541247496003,1.2782467665265214],[103.73585742868117,1.2780440695467816],[103.74004351966418,1.273799487020701],[103.74018903380416,1.2733977015736162],[103.74007488912046,1.2730045885688923],[103.7397162135284,1.2724685771629844],[103.7385547599892,1.271464111919733],[103.73715209898403,1.2706235892867697],[103.73606794849344,1.2703295759742215],[103.73476286412684,1.270109684442571],[103.73285456650478,1.2692250072165698],[103.73161383537997,1.270400324488239],[103.73112688877498,1.2702858479937418],[103.72969600147266,1.2705159421159786],[103.72639009134538,1.2716707545972374],[103.7261653394968,1.2716673475236266],[103.72596108524502,1.2714839675441274],[103.72608981446453,1.2712898024864465],[103.7300547321664,1.2701240488246701],[103.7312647513119,1.2696294754396094],[103.73197305733379,1.2692458552610095],[103.73261778519895,1.268642235980669],[103.73368764290694,1.2665500757537291],[103.73371066368784,1.2662574100920845],[103.73355026715335,1.2660122001464482],[103.72916975449331,1.2625798440979434],[103.72327519756246,1.2598812642042518],[103.72281141195432,1.259940172766348],[103.72216356597384,1.2603006749133592],[103.72152120085086,1.260914028971141],[103.72068568911436,1.2609870734193265],[103.71963907441622,1.261363350376733],[103.71775239544603,1.2629737847978975],[103.71080025501787,1.2667398729288197],[103.71068607678083,1.2669896254101352],[103.7107025609323,1.2682185478245198],[103.71018943575899,1.2692763665684772],[103.7089647926225,1.267100918742736],[103.70873897819015,1.2669507501228232],[103.70853536791773,1.2669585964616932],[103.70828298121026,1.2670905678370665],[103.70612263551523,1.2683529723405864],[103.70573126784784,1.2677574879445672],[103.70538731686891,1.266793195872039],[103.70480971112852,1.2655942832470435],[103.70963310500647,1.262831759218539],[103.71046072379909,1.2621296110850242],[103.71382999748099,1.2602170171307516],[103.71403570681672,1.2600181933459702],[103.7141895239987,1.259667090491846],[103.71418410530927,1.2592837035838322],[103.71407941189136,1.2590162514599839],[103.71373387073133,1.2586861068213597],[103.70728859988078,1.2550807711506817],[103.70612957784896,1.2545250705101656],[103.69640685719313,1.2509261488739762],[103.69412390480585,1.2502571298610086],[103.6904099578406,1.2633937931707642],[103.6849702912116,1.2683996119861356],[103.6801279824076,1.2630605539214577],[103.68591289597299,1.257732949094819],[103.69038277783574,1.2419958849650383],[103.69051404752315,1.2409224320390728],[103.69039059468092,1.240026437334072],[103.6901415689638,1.2393497518176857],[103.68976914713258,1.238733111035258],[103.68807082694507,1.2369423922659917],[103.68798457093835,1.2370221947745799],[103.68781922322128,1.2368939018612113],[103.68768478533737,1.2369172360307652],[103.68700325645213,1.2375955061830066],[103.68254376710159,1.2330900755089254],[103.68294385114116,1.232119220308089],[103.68292972769757,1.2319363846109281],[103.68281222747441,1.2317934254101388],[103.68287107613419,1.2317098295179734],[103.67441183361754,1.2231546975663437],[103.67401607367184,1.2228491796236676],[103.67355923585373,1.2226587488686418],[103.67306656525385,1.2225909102707255],[103.67257815641162,1.2226579384071596],[103.67184830663646,1.2230419767544938],[103.67142821989952,1.2235436459417939],[103.66980026246017,1.2269642944015526],[103.66963266516824,1.2278173141199389],[103.66965784246347,1.2283791964339301],[103.66982162024225,1.2284424847050526],[103.66996602767803,1.2283303346674135],[103.67014912013744,1.227101724543479],[103.67176254596392,1.2237347569520711],[103.67194349671654,1.2236050743036109],[103.67215912299886,1.2235799732239194],[103.67241311867659,1.2237039503375435],[103.67594159887405,1.2272812387731253],[103.67611162069333,1.2275733613427324],[103.67611802314383,1.2279490273174005],[103.67656845931461,1.2283998964329024],[103.67667351123096,1.2287546657197486],[103.67653729421478,1.2290477939242748],[103.67647726054005,1.2290194675711112],[103.67494363772715,1.2322560277277879],[103.67449453574879,1.2322578086362341],[103.67385286448247,1.232739192563032],[103.67314951381579,1.2342184724118834],[103.67291245105726,1.2344925528803945],[103.6726521484491,1.2345954606582412],[103.66942775730003,1.2346044545227097],[103.66906642223631,1.2346814366563712],[103.66880350386776,1.2348583052673687],[103.66861677468577,1.2351193466204262],[103.66504775899752,1.2426392910387256],[103.66301720372789,1.2449752425671967],[103.65372512550712,1.2680144058537466],[103.65372635981741,1.2729107233517272],[103.65876139864147,1.2768517717684043],[103.66080312507522,1.2739998059434623],[103.67680184339757,1.2852121770849037],[103.68356490980472,1.2892649579973434],[103.68563141610349,1.2900815500242369],[103.68764210049704,1.2906430819057884],[103.6886456820717,1.2908183804901496],[103.6914437930059,1.2906646854551218],[103.69275385619122,1.2906875594432583],[103.69634775682373,1.2912175882845451],[103.69676202976875,1.291057018582157],[103.69691787108522,1.290660631443931],[103.69671971648837,1.29026870358738],[103.69164096065418,1.2848003586101864],[103.69101520603304,1.2825584632880156],[103.68722900708362,1.2788605448723587],[103.68422589097092,1.2765318463351398],[103.68805919952736,1.272751552476713],[103.69209143767726,1.2770702385905217],[103.69225623415548,1.2770884054824736],[103.69336796147509,1.2759986160732946],[103.69444804707953,1.2767486617319062],[103.69481840191587,1.2769054087306795],[103.69564291244863,1.2768850101942482],[103.69572305682016,1.2769431478285567],[103.69571202396565,1.277090523930296],[103.6954674327197,1.2771299789207171],[103.69537881703252,1.2776266426912515],[103.69589578731471,1.2776563481276],[103.69600245028305,1.2772384227028695],[103.69651398320684,1.2775620283016185],[103.69659566402564,1.2774858736088168],[103.6962784303777,1.2781590558013218],[103.69587895319722,1.278553426732878],[103.69558234443653,1.2791545195722152],[103.69598128329685,1.279812315470589],[103.69608473119462,1.2803789438382744],[103.69633214188781,1.2809067448258842],[103.69572125345059,1.2813962495389302],[103.69630365354642,1.2821798014886354],[103.69797341207733,1.283553038552556],[103.70350505414625,1.2903484542298325],[103.70402597272133,1.290894082857682],[103.70476039640434,1.2910250177728506],[103.70530367536051,1.2918439095142344],[103.70641195676585,1.2924629564659582],[103.70799993070759,1.292443041270171],[103.7083719399565,1.2925139065855882],[103.70849521410713,1.2927199337437],[103.70869990659844,1.2927093311659796],[103.71063237579072,1.291865647269121],[103.71184791893853,1.291602785165405],[103.71144724358648,1.2922854449215255],[103.71128862926238,1.2931596187495717],[103.71143910395931,1.306694591080265],[103.71139076127027,1.3072359130962417],[103.71119594599269,1.307827221107922],[103.71081166984533,1.3084115372049945],[103.71007961342673,1.3079936792509237],[103.70981688697395,1.3079520465797738],[103.70982885289351,1.3077501346490736],[103.70847454527373,1.3077110295088246],[103.70838926699257,1.3076204478996698],[103.70846899189101,1.305389001395337],[103.70827561347893,1.3053687041588105],[103.70826544790872,1.3052663279952712],[103.70782380660656,1.3048551283615357],[103.7076056043394,1.3041250797471968],[103.70746872494887,1.3031226864206793],[103.70734258926352,1.302903335974514],[103.70774581900854,1.3029194719755104],[103.70777999710378,1.3020624635143894],[103.70240932448927,1.301837273665343],[103.70230943820914,1.3040057667028087],[103.70165938752983,1.3043146699906518],[103.70137152293414,1.3041383837415197],[103.70009909392539,1.3048192142880957],[103.69998403531035,1.3048196060728012],[103.70000191997569,1.304921238358208],[103.69970899993221,1.3049891864479728],[103.69948008967731,1.3049344060204031],[103.69932152808245,1.3050188468744293],[103.6989521665325,1.3052997581377905],[103.6989439841327,1.3055753349661712],[103.69817267517209,1.3063858732256248],[103.69806908174637,1.306406421056118],[103.69728357684956,1.307554312436104],[103.69692809525546,1.3077885580966382],[103.69533185335462,1.3077838598531948],[103.69525533034964,1.3079520108992688],[103.69578902975407,1.306706552866142],[103.69631517669329,1.306880846961422],[103.69688446925859,1.3065202546869001],[103.69682801978199,1.3064906473054014],[103.69710631919196,1.3062342324163057],[103.69742069103725,1.30576927714662],[103.69796688398186,1.3053310591996976],[103.69806195006062,1.3049931584436334],[103.69869436234738,1.3038482021399487],[103.69923857654231,1.3035707015749816],[103.69937951506009,1.3033642830042715],[103.69955323465592,1.3026556882582558],[103.69941734400285,1.3022873930131225],[103.69947713812525,1.301646515338864],[103.69938851602143,1.3005673947476781],[103.69941007929647,1.2995262641548644],[103.69617859540494,1.2996178100779818],[103.69619764085446,1.3000851674156837],[103.69591892256884,1.3002735479924996],[103.69574557062215,1.3005009765350615],[103.69561279612417,1.3004927883880584],[103.69529303218343,1.303161936008119],[103.69492101793604,1.303987734641935],[103.69436886628347,1.30490670684345],[103.69447687640914,1.3054685658839331],[103.69466945591668,1.305896792032014],[103.69557447498774,1.3066285434193243],[103.69506089085877,1.307864435266457],[103.69402734346463,1.3066149463978431],[103.69397082881657,1.306219592322849],[103.69378897119532,1.3059153782833375],[103.69354844309677,1.3050916890563602],[103.69352655017504,1.304292172081722],[103.69373889800994,1.3034210852092112],[103.69366382096237,1.3018569958440567],[103.69377975492031,1.3016218591161746],[103.6937505268279,1.3009405653480774],[103.69254053017497,1.3003129608690494],[103.69097386444294,1.2998889256360797],[103.68961358833265,1.2998905754298777],[103.68903813210628,1.2999415945408357],[103.68885757415389,1.3000277689373245],[103.68872679293538,1.2998418517264478],[103.68774463968889,1.2998741168321435],[103.68776330005197,1.2997583324646496],[103.68374090410536,1.2990746227579035],[103.68328337817951,1.3025770607224474],[103.68337185136573,1.3025776746574798],[103.68311154798829,1.3046247277751033],[103.68315751213055,1.3047300335018557],[103.68299473968605,1.305084468366642],[103.68302637480598,1.305839496475208],[103.68289888401398,1.3059298797451167],[103.68286165497618,1.3061206435433976],[103.68289599497565,1.306462412912867],[103.68252038890985,1.3089050437952392],[103.68208866089948,1.3091980570063237],[103.68132694709162,1.309183863724568],[103.68130687711319,1.3091105223970128],[103.6806998824588,1.308821831182052],[103.68069530546317,1.3084321777001895],[103.68108659100083,1.3056598541912432],[103.68113319290984,1.304855590211769],[103.6810257473312,1.3048180436196806],[103.68109804358868,1.3042292543861516],[103.68118636891272,1.3039546955891836],[103.68132069565507,1.3038961011253805],[103.6813911692413,1.3032824508573082],[103.6815023370594,1.3032811462791867],[103.68154719283777,1.3029723818662269],[103.68141498239325,1.3029530747705838],[103.68158394434599,1.3016017517460339],[103.68145706219988,1.3015845792767875],[103.68155097235544,1.301225589584882],[103.6816458576785,1.3012380031693889],[103.68175988330505,1.3003242340475463],[103.68168427160508,1.3003140734968461],[103.68163867595476,1.300073836121032],[103.68171126092271,1.2999105399309967],[103.68170275195646,1.2991533807367748],[103.6817818583104,1.2990234558777647],[103.68190000548834,1.2980008741720346],[103.68012260550847,1.29718437212123],[103.67977746116323,1.2975794033268837],[103.6792315664746,1.2970536826509604],[103.67911128905004,1.2971817238268384],[103.6784435370423,1.2966145757747465],[103.67327316162212,1.3022329581900935],[103.6732152480784,1.3027138169220436],[103.67301796248258,1.3026256724887897],[103.6728467398392,1.3039883611333425],[103.67290444286328,1.3042517220532384],[103.67278820864769,1.304939951554454],[103.67289159017952,1.30512994639309],[103.67271535281671,1.3068108531228084],[103.66879327633916,1.3063171593120042],[103.66890736840762,1.3053014889185008],[103.66899305602384,1.3051239513031196],[103.6689992207217,1.3046979153681837],[103.66887442964614,1.3044431577060076],[103.66900818571217,1.3043065889918737],[103.66945716389372,1.3005136657436642],[103.66949930879942,1.3004344708839517],[103.6696377227263,1.300422039529551],[103.67041178590976,1.2996192777015438],[103.67052787740634,1.2996337803346942],[103.67068252785732,1.2994679929290123],[103.67089999645503,1.2989604876705056],[103.6713116691868,1.2987085375372955],[103.67434171924167,1.2954412818521546],[103.67427721033303,1.2953409208011972],[103.67398540101205,1.2955919593853034],[103.67420629413296,1.2953959421859857],[103.67426838341271,1.295119370708901],[103.67346489315258,1.2943129641702265],[103.67351946788482,1.2942533240990821],[103.6734379940033,1.294162665754532],[103.67339591289999,1.2942026005840486],[103.67316256365567,1.2938930039040428],[103.67279269628857,1.2936329819367698],[103.67282684235205,1.2935936480123171],[103.67228061523771,1.2934043303735918],[103.67225869681029,1.2932960669834488],[103.67162285941474,1.2927802148256216],[103.67153687926144,1.2927923187105714],[103.66658593825909,1.2886757257630221],[103.66520333873245,1.2903558736671625],[103.66545806722502,1.2905990009111712],[103.66543572907328,1.290729959938626],[103.6647388354807,1.2918787991961331],[103.65936067415107,1.294809527845608],[103.65924451422968,1.2946045066897474],[103.65863933667366,1.2949182245790918],[103.6590243725869,1.2957428906810426],[103.65770017682443,1.2967924248282077],[103.65660415126207,1.2958654563212983],[103.65586802277818,1.2966816404963344],[103.65682494209842,1.2975003928315607],[103.65639712194191,1.2978780318348633],[103.6537516041278,1.3010309815301728],[103.65177802844254,1.2993554279523747],[103.64980778357607,1.3016885067034787],[103.65290509981708,1.3050930692462617],[103.65312145183792,1.3052053159641261],[103.65384969561359,1.306315723857828],[103.65437571074,1.3068354070504757],[103.65432868644368,1.306885405760385],[103.65443527284903,1.3069950218728874],[103.65452703855435,1.3069033263121714],[103.6547355041861,1.3071061802169],[103.65576547103942,1.308473293907443],[103.65606106127265,1.3086537529287452],[103.65748723006729,1.3100580905965171],[103.65732445422758,1.3102518383194113],[103.65748335451302,1.3104208103058121],[103.65738797824046,1.3104247013597625],[103.6570931879293,1.3107509565638815],[103.65716368179974,1.3111058606209252],[103.65703613809427,1.3111669492718196],[103.65679471638833,1.3109077976257493],[103.65620569087079,1.3114687657778437],[103.65576394682394,1.31104336838798],[103.65550552048695,1.3106672210379529],[103.655205345418,1.3105799640699833],[103.65518982125938,1.3103511344730352],[103.65390138692736,1.3089991906361202],[103.65372521182144,1.3091426592229167],[103.65334447970594,1.3088561078132008],[103.65319301306836,1.3085919965474293],[103.65312193661178,1.3086152334682026],[103.65278209012271,1.307977417868845],[103.65266561627584,1.3079168986911722],[103.65260477086787,1.3079747814761207],[103.65176890085304,1.3070880191171497],[103.65126099636088,1.3066690354601],[103.65104537653696,1.3061966624686916],[103.65080631826945,1.3060112665520704],[103.65087513197749,1.305890480716799],[103.65060385676222,1.3057762736629568],[103.65045249644028,1.3055641422054616],[103.65015463869877,1.3055383443137036],[103.64976789540881,1.3053012885751523],[103.64922471715053,1.3054315524329072],[103.64473016180412,1.3009720910130713],[103.64503452914882,1.3006173380282162],[103.64654955516647,1.2916802393493716],[103.64648898459279,1.29178106015917],[103.6497960414555,1.2856573017788642],[103.65014717324989,1.2844919603840095],[103.65019297691387,1.283520498980561],[103.64997184515244,1.282304606830635],[103.64945886869485,1.2812045512133516],[103.64866315955099,1.2802631450728925],[103.6480870609468,1.2798170185436673],[103.64744959470836,1.2794684398649212],[103.64675572998486,1.279213296318276],[103.64592641683475,1.2790965902347349],[103.64567885029281,1.2789669476580863],[103.64160814244958,1.2792647697485722],[103.64070244438379,1.2792090135405834],[103.64069112140506,1.2790600094584466],[103.64043811113929,1.279079678246602],[103.63973824685851,1.2698979225066485],[103.64243426631073,1.2698988387325894],[103.64252247431317,1.2697849863660033],[103.64333145632862,1.2697850463285911],[103.64335501855395,1.2608537962320454],[103.61734269957242,1.2608517552539251],[103.61734326448104,1.2539786296298743],[103.64435426987933,1.2539807322304761],[103.64435470035376,1.2479637760496494],[103.63778532919467,1.2450270840742033],[103.61734399571422,1.245025478602504],[103.61734455350714,1.2381523521466447],[103.64983862452237,1.2381548158281306],[103.64983923787348,1.2292016459037858],[103.61734527547134,1.229199200042592],[103.61734588393506,1.2216025856630572],[103.65691752851413,1.2216054934180578],[103.65857532673121,1.217166317913894],[103.64806401875815,1.2132770329245754],[103.64602015642512,1.2121052003820791],[103.64504532068176,1.2114422709513606],[103.64371195698487,1.210850779913163],[103.64319719572849,1.2104467034311257],[103.64275609103969,1.210284222013637],[103.64224553838778,1.210243628013024],[103.60897230532508,1.2188029919000802],[103.60827428156254,1.2190723154166403],[103.60766751015083,1.2194309897902174],[103.6071252475013,1.219882364367054],[103.60663522867887,1.22045058993171],[103.60604219286137,1.221583562016118],[103.60584429268742,1.222208002785942],[103.60571267211444,1.223044610478025],[103.60570154061381,1.2436752287349866],[103.61243453437793,1.2436828747323978],[103.6124359056643,1.2463907971019799],[103.60884771320161,1.2463926351010506],[103.60884715655942,1.2529492734305532],[103.61199401813728,1.2529495428818633],[103.61199379017226,1.255662826784504],[103.60974773298891,1.2556626344379664],[103.6097473442206,1.2602300808960754],[103.60570883484814,1.2602297288879305],[103.60571132346347,1.2611332966013629],[103.6098697701904,1.2611336592228888],[103.60987301751618,1.2646679725380379],[103.60675531118588,1.2646677005418412],[103.61105393301663,1.276326951555472],[103.61170125157899,1.277391014995867],[103.6126128507762,1.278236515140951],[103.61348631788918,1.278711602003817],[103.61513657816202,1.279207328456759],[103.61603404515338,1.279595878579175],[103.61687635319639,1.2800940627392094],[103.61765034220068,1.2806941042141422],[103.61834392232124,1.2813866274704446],[103.61908709952786,1.2823767203966348],[103.61959141422473,1.2832990458078668],[103.62002778699679,1.2844882000943063],[103.62023200983879,1.2854459945141818],[103.62032114924862,1.2864602908319993],[103.62023634309463,1.2877679301775764],[103.62003164258272,1.2887294206643287],[103.61957666054118,1.289957228979437],[103.61862201201401,1.2918086086637581],[103.61821662317277,1.2933468598412154],[103.61750751191835,1.2934307933540936],[103.61768181044815,1.2944787236169324],[103.61754355744512,1.294506585011444],[103.61748288350167,1.2942333017011929],[103.6173599231803,1.2940855940694882],[103.6178173084745,1.296727146541672],[103.6178825770571,1.2967304638931343],[103.61790210592588,1.296591633890633],[103.61783772761481,1.2963035341578575],[103.61799264435342,1.2962725839968514],[103.61814824812998,1.2971607677040908],[103.61869784919854,1.2970679913238663],[103.62653721471789,1.318301774265731],[103.62459689686887,1.3190281350848867],[103.6239104199955,1.3171623653668647],[103.62380930536692,1.3172000522892553],[103.62265105462338,1.3140520447256778],[103.62075935893374,1.314757176322469],[103.62135503606474,1.3196813053270482],[103.632329014668,1.3371369109997864],[103.63252807557687,1.3373337859933496],[103.6327866300313,1.3374404954151682],[103.63351874991613,1.337378425136291],[103.63369673028099,1.3378183217403006],[103.63403103214735,1.3389910404737022],[103.63439735091993,1.3398149143630143],[103.63454838001103,1.3404816653981297],[103.63475911308137,1.34076462941749],[103.63462988619571,1.340948040966278],[103.63449009838983,1.3409445296745626],[103.63440332123837,1.3413917941336801],[103.63432267341756,1.3414679770689806],[103.63481768919723,1.3419990028973097],[103.6345326995804,1.342271319185407],[103.63570634166572,1.3434779230707992],[103.63561098672275,1.3435705542332834],[103.63580640976733,1.3438409373305218],[103.63587913463921,1.3444526065107287],[103.63605241080771,1.3445807411577217],[103.63646935933748,1.3456930462895322],[103.63646494052425,1.3458463763985145],[103.63639077383053,1.3458783286149625],[103.63602931837178,1.3454702487847792],[103.63576952452794,1.3453999679729451],[103.63550319897129,1.3454316802161463],[103.63507255935949,1.345748007913584],[103.6346375658763,1.3463228642663732],[103.63426909915802,1.3471455655525375],[103.63413068270303,1.3478548609877672],[103.63416357014593,1.3487582260451543],[103.63439351720935,1.3495656819726292],[103.6342931921136,1.3497125795900706],[103.63317452293991,1.3505500763674991],[103.63329682711671,1.3507956497818352],[103.63439549234275,1.3499845739687761],[103.63458045279982,1.3499456384488524],[103.63510442011341,1.3506504502594192],[103.63565348209337,1.3511175777030282],[103.63628244476229,1.3514648677237537],[103.63705662523627,1.3516804667039188],[103.63740658541498,1.3516075350656835],[103.63776585094422,1.3513674170643748],[103.63799442038652,1.35099020114716],[103.63803392309032,1.3505251032854115],[103.63821222066,1.350464947967407],[103.63833254992184,1.3511892110071713],[103.63871343581403,1.3524577881673734],[103.63878853985915,1.3530919372090862],[103.63935817007446,1.354138084332484],[103.64014810987861,1.3563033122216794],[103.64012134461515,1.3571056268192592],[103.64039393765044,1.358099013164477],[103.64051409570776,1.3581468977820972],[103.64059360700121,1.3580405976407797],[103.64056831971256,1.3576888089145256],[103.64067175159438,1.3576730216722148],[103.64095594744455,1.35810551355961],[103.64255094459949,1.359167884065016],[103.64376387842427,1.3607354882095772],[103.64450450247892,1.3622310595937241],[103.64468354386925,1.362934502543473],[103.64533004719335,1.363735296775874],[103.64558876115355,1.3647369765760229],[103.64651344445198,1.3664567030576187],[103.64679921370447,1.3676127509558593],[103.6473257644114,1.3682799055289807],[103.64761769019881,1.3688992924696715],[103.6484262763929,1.3698303763277542],[103.64908267117842,1.3709625226148974],[103.6493832398555,1.3717614761228445],[103.64913761513569,1.3721582258805487],[103.64934598313096,1.372636500822423],[103.64954835481313,1.3728238609001733],[103.6507612949187,1.3729930723720924],[103.6510647281725,1.3731740562290753],[103.65115618232079,1.373342955124609],[103.65117012824263,1.3737680287489902],[103.65098301796273,1.3740382623731573],[103.65090548145541,1.374322894570961],[103.65103464533794,1.37450984286901],[103.65140317917464,1.374713830479919],[103.65163229870404,1.3746536294374652],[103.65192815705171,1.3743259681900204],[103.65236492328398,1.3732217032490246],[103.65255379845351,1.3729830905573501],[103.6527145588523,1.3730128191407849],[103.65278443823483,1.3731975399305463],[103.6527033065681,1.3734853363026014],[103.65294588709045,1.3738845391333587],[103.65272190784333,1.3746453735170165],[103.65291133992085,1.3747460097050161],[103.65342704231793,1.3746499696790426],[103.65357643840645,1.3748152247141157],[103.65404468744295,1.375911328836897],[103.65461811688004,1.376924711824002],[103.65499927103981,1.3784323906668714],[103.65563316727174,1.3796119795203727],[103.65621044870372,1.3803674192553228],[103.65645269844816,1.3811000005475067],[103.6568294137101,1.3814591961613996],[103.65722334515905,1.3822648736862972],[103.65737371860888,1.3827241903058083],[103.65702668894326,1.3832204662478877],[103.65695360517837,1.3835041639021108],[103.65714161671791,1.3836396049469466],[103.65774409269515,1.383369198349702],[103.65799183651383,1.3833494384327913],[103.65789636227032,1.3835228296854523],[103.65747250517144,1.3838664458273242],[103.6574563533378,1.384232549403482],[103.65771489796477,1.3843730591873522],[103.65806254098716,1.384837185399188],[103.65852735349453,1.3850429157023032],[103.65878608093273,1.385511653800467],[103.65907944688301,1.3857309909608106],[103.65975653453856,1.3859647357443277],[103.6598786936847,1.3857541554809567],[103.65991451309354,1.3850178028833142],[103.6600441052677,1.3849788661576758],[103.66023166510705,1.3852633210718477],[103.66044349552038,1.3859925601062721],[103.6599522648813,1.3863389734340479],[103.6598153272935,1.3868030528513362],[103.65983250604579,1.3869903127062664],[103.66042188440096,1.3880415425870516],[103.66065395749163,1.3881844259240717],[103.66125369918902,1.3883483896985929],[103.66160454337646,1.3888608239680063],[103.66163819639426,1.3890400452697504],[103.66146658452276,1.389706056812769],[103.66161287972021,1.3905366263615926],[103.66246716651571,1.391850615412602],[103.66273906499836,1.3925175573730901],[103.66266918618675,1.393445074829757],[103.66237112573836,1.394857613745023],[103.66275753304835,1.3964544940311465],[103.66285025587821,1.3973074018631721],[103.66205355536823,1.3987327939842178],[103.66269442964607,1.4002618080948754],[103.66278408319569,1.4003026365671287],[103.66292391279512,1.400214088248067],[103.66306981192866,1.3999933663341915],[103.66325336668835,1.400323230597395],[103.66316646273438,1.4004324962661845],[103.66305047542993,1.4004043721409454],[103.6627266699503,1.4006935528345439],[103.66285454884341,1.4009109477397272],[103.66297036400441,1.401456449001345],[103.66339347455165,1.4018971429268863],[103.66388272542456,1.401958967198785],[103.66347625122158,1.4021642272921004],[103.66343657934807,1.402744755713497],[103.66320582859886,1.403120832334469],[103.663028041289,1.403255772441089],[103.66307637585923,1.403417223235852],[103.66294594555069,1.4036498648123523],[103.66284381973435,1.4041157881166446],[103.66288467309904,1.4043465738381355],[103.66261354365712,1.4047577808819394],[103.66243529006809,1.4053715333700398],[103.66248793686904,1.4055334999771638],[103.66267630266434,1.4057796516819008],[103.66282983551001,1.4058459652159352],[103.66319079397171,1.4057868122012418],[103.66431258305796,1.4063108758735707],[103.66437680932843,1.4065447987062738],[103.66457711070574,1.406761030405691],[103.6650792647346,1.407746859172979],[103.66498384670645,1.4081411821725072],[103.66506067816843,1.4082651393458514],[103.66502683926205,1.4085051332491254],[103.66513994720981,1.408919320290948],[103.66542763814806,1.4090661785007],[103.66587367956897,1.4090783174759645],[103.66686967217433,1.4093492080908532],[103.6673564348434,1.4089912864390235],[103.66783634186535,1.4088912940341447],[103.66805218697179,1.4087443174574572],[103.66804897407243,1.4090315103761168],[103.66831084561369,1.4095584346385122],[103.66867601181877,1.4098185266137833],[103.6695925927904,1.4102212815781052],[103.6698307592597,1.4110191467601476],[103.67012726468967,1.4113895547936792],[103.67059925968185,1.4116969448694354],[103.67056564869976,1.4119223524969888],[103.67042168378077,1.4120686361921566],[103.6703083454697,1.4128949666007495],[103.67058437393378,1.413283154691826],[103.67119248178062,1.4137010291346706],[103.67180938651485,1.413631698918213],[103.67212265973747,1.4134868260178228],[103.67240698896126,1.413546424217781],[103.67270552376087,1.4137912173866298],[103.6726337987716,1.413988081697297],[103.67224616376355,1.4140989907395942],[103.67222860583921,1.4142105070927478],[103.67180320032568,1.4146245097799535],[103.67153804911219,1.4152963712172355],[103.67152504026541,1.4159321980016617],[103.67187266651578,1.417088249000345],[103.67206097006454,1.417468779943601],[103.67196385587589,1.4177619947846383],[103.67216364364987,1.4180090004430448],[103.67245798874885,1.4179296797047447],[103.67262408704703,1.417769753378496],[103.67294067933267,1.4177026140519677],[103.67302478911247,1.4177747535042182],[103.67308620934602,1.4185303318703124],[103.67285821767992,1.4186985930143836],[103.67247332471277,1.4188042885557945],[103.67221585513995,1.419059776734445],[103.67226535574216,1.4192383777998125],[103.67272055753666,1.4193827229527396],[103.67336296060978,1.4199620367922459],[103.67392845975179,1.4201429897762303],[103.67413073749964,1.4200545835847451],[103.67415550390001,1.4197717890934511],[103.67439738644644,1.4196882167100635],[103.67477169266905,1.4191824319767756],[103.67482705152133,1.4192530084650758],[103.67437333049224,1.4199895289403361],[103.6743831740783,1.4201141034578924],[103.67478604712996,1.4204551755605455],[103.67492531962385,1.4207097798123758],[103.67449095948119,1.4204297272683062],[103.67414272139986,1.4205221052745471],[103.67363271534089,1.4212816041481628],[103.67351228324667,1.4220127304118533],[103.6735712375119,1.4224339150281335],[103.67391725783614,1.4229489026955218],[103.67399309518954,1.4232340310844416],[103.67390009335485,1.4235067815085385],[103.6740633683253,1.42404552303986],[103.67402314766017,1.424253310599488],[103.67430134106866,1.4251751688651026],[103.67448234391244,1.4253546951571108],[103.67592630798157,1.4262336116860561],[103.67690582871779,1.4260864155409976],[103.6768285811473,1.426185757871171],[103.67640368257126,1.4263073444382401],[103.67654588984402,1.4266221331224334],[103.67656035516106,1.4269032816887326],[103.67686616819763,1.4273296407657694],[103.67689433500455,1.4277737017626746],[103.6773956027978,1.4281636854113253],[103.67761230513432,1.4284787368799654],[103.67766722174373,1.4287157879746284],[103.67805912246962,1.4291200755552294],[103.67880075557511,1.428876107709765],[103.67899563805341,1.4285264435620113],[103.68022467303184,1.428742893661539],[103.68066099817229,1.4288835238214177],[103.68087770933036,1.4290456521774997],[103.68139789116445,1.4291424046107812],[103.68219228617797,1.429865910608128],[103.68242164684825,1.4301954078954742],[103.68251095495272,1.4302517075411065],[103.6825903710344,1.4302031341532682],[103.68295064896765,1.4305227219228145],[103.68310069887104,1.4308728351581461],[103.68303137389701,1.4309773701623032],[103.68306892255143,1.4310579122872304],[103.68330606472585,1.4311742711971904],[103.6834894347924,1.4309793817708756],[103.6836582273474,1.4309731355875828],[103.68436277438128,1.4305149566179645],[103.68552259181921,1.4304093493910275],[103.68577715520986,1.430171571437204],[103.68583142296733,1.4299731057330376],[103.68593930860744,1.4303112505003535],[103.68574781083305,1.431268538387645],[103.68588006426928,1.4315257363064426],[103.6861994744843,1.431655777809877],[103.68625299592281,1.431845895995],[103.686524188094,1.4319573452090761],[103.68757588630693,1.432003411247125],[103.68777641628165,1.4317124902718168],[103.6879396857563,1.432055115101789],[103.68848056029636,1.432585665748653],[103.68845950191292,1.4327556453694446],[103.68860321889981,1.4330441601054404],[103.68894191257233,1.432898598498798],[103.6892316890116,1.4329059620782618],[103.68943043666692,1.4330231915827394],[103.68964647446725,1.433351523519198],[103.68985101561714,1.4333065354228345],[103.69011284670128,1.4331132628470735],[103.69052087887539,1.4330605588122642],[103.69066641853551,1.4331305681910362],[103.69082956584533,1.433393836988357],[103.69112278430207,1.4334834259553342],[103.69269931998447,1.4334789731829654],[103.6930544796756,1.4336819789448987],[103.69326976694761,1.4335504601236475],[103.69347119653222,1.4339006664460434],[103.69428466326556,1.4343614204685724],[103.69525147120572,1.434708235852957],[103.69565143849574,1.4349457091726008],[103.69609624716217,1.435007024624408],[103.69619574557572,1.4351738617525154],[103.69608640013338,1.4354332856243674],[103.69658062389114,1.435774205323273],[103.69740612062515,1.436613818590932],[103.6982447346288,1.4376539654508973],[103.69873148504558,1.4379581853267989],[103.69952879213716,1.4386832046653004],[103.70009906213828,1.4395563267222586],[103.70254977596915,1.4409567473611735],[103.7030012296163,1.4416150408610922],[103.70329386553706,1.4417220653533913],[103.70333382535965,1.4419248516989867],[103.70374802383937,1.442388777588939],[103.70432449846034,1.442847000734931],[103.70485898115487,1.4435589634787236],[103.70576899856417,1.4441887653230419],[103.70649131386969,1.444820679745953],[103.70643903018758,1.4449290491565645],[103.7067292148444,1.4451262786517869],[103.70645386094505,1.4457005616645844],[103.70659541522119,1.445731941918985],[103.70662129203514,1.4459442512713747],[103.70672334637719,1.44593257265057],[103.70672354579541,1.4455769867729917],[103.70687487971537,1.4453933556155365],[103.7070212473128,1.4453190886026035],[103.70733579545447,1.4454399397323154],[103.70771507831752,1.4456472025503262],[103.70835373779977,1.4462647143613574],[103.7096456259388,1.4472331867932873],[103.70993506901887,1.4476284565959623],[103.70987959757335,1.4477796013156303],[103.71005045288126,1.4477564490658206],[103.71005200533635,1.4476958750124425],[103.71043926873232,1.4480136589839976],[103.71086218125588,1.4481171174675698],[103.71147382189837,1.4486083266146412],[103.71185934202859,1.4486964367875212],[103.71228768596626,1.4489339542644435],[103.71230296077093,1.4490952588366868],[103.7125692160983,1.4492889792613222],[103.71371949697459,1.4496526962713905],[103.71476893324744,1.4498556227499566],[103.71561575880789,1.4502011234512866],[103.71590175056157,1.4502194725249613],[103.71596049393474,1.4500423038884958],[103.71603171746837,1.4502758092866095],[103.71683917881671,1.4505440994229146],[103.71721607480261,1.4505086272356416],[103.71747916814067,1.4503222518368046],[103.71756409888185,1.4505772708637965],[103.71776540666954,1.4506670879625618],[103.71956894656151,1.4510935512738083],[103.71984508785279,1.4510076345746086],[103.72147331796029,1.4513062713673248],[103.7218923448679,1.451180027881001],[103.72245713281892,1.4511623393580677],[103.72426107615696,1.451134127407813],[103.72477768242442,1.4512225972102637],[103.72712526812902,1.4511369432697938],[103.72737681373171,1.4511840380393943],[103.72834958225035,1.4510707698180736],[103.72907411301578,1.4507489808382],[103.73045315649571,1.4498751220881974],[103.73140681695672,1.4488889711427106],[103.73158302424187,1.448383984142651],[103.73157212847329,1.4481479460096356],[103.73149854340157,1.448121150048613],[103.731392899589,1.4482223633008717],[103.73123763756311,1.4488112778579314],[103.73110334075612,1.4489774076268738],[103.73113176577648,1.448765099032833],[103.73102713215819,1.4486411460124538],[103.73117896321449,1.448537400852837],[103.73111323682555,1.4483403400542483],[103.73083992640804,1.4480143267577597],[103.7306411199401,1.4479844746556545],[103.73060652872944,1.4478768395050363],[103.73094953363957,1.4479000592436784],[103.73128356055372,1.4480462003434393],[103.73205267069781,1.4477169169611341],[103.73263277736818,1.4471048561003572],[103.73256111896193,1.4469343408165858],[103.73224005298036,1.4469622006970597],[103.7319075291957,1.446843233185104],[103.73155623240324,1.4464313337055577],[103.73131864444866,1.4462987561267195],[103.73124988399871,1.4461314821741587],[103.73173191193167,1.4464319710626996],[103.73185766178266,1.4466745176395603],[103.73203559903163,1.4467872254568392],[103.73234504155751,1.4468826676446334],[103.73275510039888,1.4468305015572658],[103.73278170704974,1.4467477490728258],[103.7325144369242,1.4466662269662278],[103.73213961618525,1.446363693762329],[103.73207266182132,1.4462174363864293],[103.73234774736439,1.4463920159606065],[103.7325869367228,1.4460145856309339],[103.73266044345307,1.4460031433031721],[103.73266990545204,1.446130960865302],[103.73248023953465,1.4464701651206924],[103.73267223429711,1.4466073066735028],[103.73291022119714,1.4465593915087003],[103.73327125773513,1.4462429151161493],[103.73349034416243,1.4462203555584479],[103.73374076399625,1.4459254793984313],[103.73386612478733,1.4456143698188366],[103.73386977392646,1.4454300582241897],[103.73369889763853,1.445343056457712],[103.733769787786,1.445204154958667],[103.73405986525803,1.4451788446849505],[103.73413969663842,1.4454699967964164],[103.7345930641153,1.445291087682225],[103.73533018840068,1.4447687601020063],[103.7363377589893,1.4438171927906167],[103.73654165323391,1.4436943429960178],[103.73677837500794,1.4437207333754452],[103.73737034402001,1.443076890519658],[103.73789823674036,1.4427495824931789],[103.7378071159488,1.4424781315407185],[103.73810426924886,1.442394352177176],[103.73803660052977,1.442089081776376],[103.73780179599521,1.4419887129615532],[103.73712084024649,1.4412841658618258],[103.73655365662856,1.4404196372087164],[103.7367115813925,1.4399050960847566],[103.73679908314875,1.438727710332244],[103.73717163581182,1.4387180784239728],[103.73729434662988,1.4397818951469252],[103.7377463945957,1.44065774952773],[103.73800976151959,1.440958807524417],[103.7382026986057,1.4410581083097491],[103.7383624277987,1.4409472474106877],[103.7384239875836,1.4407820564271707],[103.73841629642041,1.4397196833978176],[103.73870828124186,1.4389012800980334],[103.74225719966337,1.4389077297545354],[103.74247911065645,1.4391774051177553],[103.74269454505277,1.4392768664987923],[103.7428928798417,1.4391316979951014],[103.74296570437939,1.4387068512367667],[103.74289777138598,1.439278999868743],[103.74294694587032,1.4454578150600808],[103.74307349960128,1.445785132452031],[103.74333046546514,1.446081953608647],[103.74381987816166,1.4462874424515475],[103.74420346631457,1.4462925926125092],[103.75793060140639,1.4433992169527277],[103.75885934178595,1.4434518319306238],[103.76038155217643,1.4441242202848124],[103.76187493955827,1.4443525391886314],[103.762079750562,1.4443297520940441],[103.76426779006354,1.443329659640385],[103.76464497067921,1.4436733770287835],[103.76583998168401,1.4438357109411146],[103.76644203342595,1.4441113018445968],[103.76706280001086,1.4441840517346267],[103.76694474678976,1.444334805596486],[103.76683963637642,1.4450002599988385],[103.76736584293576,1.4464067770941158],[103.76813748369365,1.447153975280535],[103.7689741347764,1.4477516115084217],[103.76950630009978,1.4485142489275287],[103.76979589850788,1.4492449644236112],[103.7698602221071,1.449825983360604],[103.76905359910549,1.4524884234584172],[103.7694080019926,1.4526859736000612],[103.77061801573133,1.4487065477612073],[103.77068050818552,1.4485679648948684],[103.77086248573916,1.4484924556285816],[103.77124600708382,1.448863861948721],[103.77160786095365,1.4489568340983483],[103.77180012821455,1.4492205118624495],[103.77283114495482,1.44994580288842],[103.77457087652775,1.4508015574407707],[103.7763342345979,1.4512616795242386],[103.77732995435707,1.4518265047023526],[103.77851027731471,1.4526786682530717],[103.77846043017487,1.452823668112969],[103.77873066915673,1.4530205636185198],[103.77885449897488,1.452917106569132],[103.78157962731352,1.4545541137573206],[103.78163241670455,1.454708227517085],[103.78180317878642,1.4546804222772993],[103.78232577236629,1.4549799774245384],[103.78270294157201,1.455441771943779],[103.78302447150894,1.4554041848025805],[103.78347224137836,1.4555840907502675],[103.78374491211304,1.456057160185358],[103.784217197861,1.4565693115126381],[103.78449011729366,1.4567728263496065],[103.78473089697069,1.456824996166713],[103.78494775892986,1.4571532566990808],[103.78544653696906,1.4576204072346581],[103.78561505972637,1.4576868815355737],[103.78567942264237,1.4578807603080453],[103.78651984907364,1.4584058785070566],[103.78717730703819,1.4586879088208071],[103.78755649858863,1.4592052033784477],[103.7881715696694,1.4594909223431582],[103.78942578524386,1.4605608995697847],[103.78986243918659,1.4608311770873592],[103.79097358421349,1.4612145670977046],[103.79150797882909,1.461585038758111],[103.79141286683475,1.4617303799168189],[103.7917559669661,1.4620251897880556],[103.79185920817518,1.4620029172406463],[103.79486571853367,1.4640805107639765],[103.79509850125409,1.4641565265097924],[103.79508404160713,1.4642195513431426],[103.7963887610539,1.4649719855845413],[103.79692511494488,1.4653787047069222],[103.79680082517609,1.4655905497860946],[103.79717241542562,1.4657002008669209],[103.79707513861271,1.465861185909175],[103.79745689184996,1.4659908859404747],[103.79745207685748,1.4658939923729597],[103.79776187750731,1.4660953628916331],[103.79778899818662,1.4660502988989248],[103.79799555895542,1.4661835691734448],[103.79793863969822,1.466277025178116],[103.79826312196222,1.466589459821912],[103.79867706170056,1.4668373079930932],[103.7990876682606,1.4670480590524162],[103.7994187702717,1.466980552497245],[103.79942247501721,1.466815695251284],[103.79950095957484,1.4668044642535623],[103.79959274949232,1.466994717474081],[103.79963960609555,1.4667808905096373],[103.79975726999459,1.4667661511661254],[103.79980090412171,1.4668574563503198],[103.79987539146067,1.4667999851799107],[103.79994996613567,1.4668519871944228],[103.79992659188007,1.466951177418001],[103.80047963544037,1.4672619068253705],[103.80101252041932,1.4677788306542108],[103.80158182367998,1.4684767903393159],[103.80303783120198,1.469034404960145],[103.80423982401493,1.469338694095444],[103.80475185684207,1.4696042670559881],[103.80499866118144,1.4694900129488981],[103.80539955378516,1.469788539342668],[103.80621835327455,1.4700383798856052],[103.80864377479118,1.4705713405112435],[103.80923075768852,1.4703486384315196],[103.80916699256667,1.470248334791285],[103.8096974293122,1.4697834072692026],[103.81028099318551,1.4699511547354571],[103.8104337660618,1.4699149727362983],[103.81118104767926,1.4700749079504474],[103.8119452849426,1.4703627471984309],[103.81261338291893,1.4703559436815796],[103.81428655496944,1.470616243519622],[103.8170459257245,1.4706630183735891],[103.81703650943734,1.470753895979616],[103.8173223587244,1.4707723000490571],[103.81732200701384,1.4706959265523887],[103.81784046986103,1.4706474346478788],[103.81860700651417,1.4704370315694428],[103.8191510171877,1.4701745074419421],[103.82035432359703,1.4697684664574338],[103.82142711806398,1.469243896431841],[103.82216803564751,1.468637482054746],[103.82189614474187,1.468251677395687],[103.82026569911031,1.4673066673360011],[103.81859086563236,1.4649577933296074],[103.819399057862,1.4644617461008707],[103.82053374246983,1.4661482163248816],[103.8223266436234,1.4671704714020781],[103.82284764843153,1.4671625164255815],[103.82245705649122,1.4666740786703198],[103.82280136489531,1.466166769474629],[103.82251668701474,1.4659637493518625],[103.82261997964414,1.4658789992331813],[103.82296064721498,1.4658528014359198],[103.82331914961377,1.4659894388403585],[103.82339109482653,1.465784287011468],[103.82168461574105,1.4627237154024866],[103.82219259555424,1.462446678887336],[103.82389267891342,1.4654893201799968],[103.82415259435336,1.465810952728333],[103.82429311891218,1.46572616831887],[103.8233369274082,1.4640194864577587],[103.82372189161845,1.463755495391294],[103.82227523016175,1.4612228538464205],[103.82264279045688,1.4610155140127987],[103.82404449302896,1.463569749531701],[103.82455400925404,1.4633210751358634],[103.82753875541977,1.4685865733269297],[103.83429689157344,1.4647085884760676],[103.83194639901818,1.4605052330351993],[103.83289910041893,1.4599578673669278],[103.83526982179544,1.4641398064780724],[103.83581343493708,1.4642466836232666],[103.83634544596835,1.4641667182383888],[103.83665386735056,1.4646336940555913],[103.83700508810043,1.4647830699435822],[103.83730813075955,1.464807333497153],[103.8461486715328,1.461265648882209],[103.8500307226781,1.4595294776474534],[103.85415776390383,1.4574747724675816],[103.8581911308803,1.4548557307085588],[103.85831702345675,1.4547016718851904],[103.85836741219623,1.454337699364603],[103.85829807039163,1.4540717277240762],[103.85805130327437,1.453818973506414],[103.85737422524433,1.4534039838023307],[103.85684331235325,1.4532551736893309],[103.85503570627529,1.4524888929840547],[103.85634786998585,1.4494546388186662],[103.85717040441577,1.4470634214611964],[103.85767122958413,1.4460906491523196],[103.85784054087311,1.4452405419050418],[103.85875014865793,1.4424001174340078],[103.86030830765202,1.44017819099061],[103.86337155753569,1.4364413544757635],[103.86279428101588,1.4359658783779798],[103.86360582575816,1.4341059289989317],[103.86441908642138,1.4343112917815195],[103.86455517370926,1.4345466849235244],[103.86493973360801,1.4346062807928956],[103.86528875288347,1.4343194470370584],[103.8653621480788,1.4337209752216609],[103.86515073241006,1.4328942885184275],[103.8647209240375,1.4321051232369775],[103.86440694612546,1.431756737715445],[103.859323306327,1.4275479233210098],[103.85874610305694,1.4272439523552232],[103.85815272435674,1.4271891074049488],[103.85777773936248,1.4265253464267935],[103.86217602237008,1.4246103040562224],[103.86379404653898,1.4238229377030929],[103.8651684437564,1.4245423340325147],[103.86691508986443,1.4247878248396808],[103.86919549166706,1.4267939465313069],[103.86912719173512,1.427506775182768],[103.86923947642488,1.4278679853111673],[103.86991283221063,1.4287310983920896],[103.8707612403981,1.4294095111103489],[103.87364599667757,1.4311670835787162],[103.87463255249908,1.4316140204829566],[103.87603339418085,1.4319416365356077],[103.8771302635109,1.4319863003152613],[103.87855857378887,1.4317557230148885],[103.87921749031158,1.4315423795307962],[103.8802038395108,1.4310494180402837],[103.88517460041714,1.4275826139866012],[103.88812373616732,1.425765272079785],[103.88784941357751,1.4253549870247673],[103.88773931825997,1.4253574947313286],[103.88654621306657,1.4235946488737155],[103.88727416924027,1.423169791739176],[103.88842976651016,1.424888529596101],[103.88838104706771,1.4249792836394184],[103.88867966961298,1.4254360613666996],[103.88996508414378,1.424691241427885],[103.8900172594512,1.4247824361439245],[103.89477708390838,1.4219972821047624],[103.89501830557681,1.4218532639057972],[103.8949700590317,1.4217714917630975],[103.89686573686845,1.4206156284474072],[103.8971340411532,1.4203522441795249],[103.89754969690378,1.4197316250178602],[103.89777309455587,1.419097160860901],[103.89783430112145,1.4183873288854005],[103.89769855940081,1.4176359044222724],[103.89748430454692,1.417111805616892],[103.89692360112801,1.4158607230824933],[103.89648159604029,1.4152995307335436],[103.8966005208769,1.4152493470612544],[103.89663643511504,1.4153307885195896],[103.8974149053552,1.4149062118149498],[103.89746287042149,1.415015176319407],[103.8981306231984,1.414733466548694],[103.89895067469439,1.4164384006728257],[103.89975783886487,1.4174770632171305],[103.9017861688517,1.4190325990321355],[103.90384510500684,1.420151722454647],[103.9045678434852,1.4203259573777436],[103.90537281877945,1.4203732078555844],[103.906956212895,1.420024942562211],[103.9079335446417,1.4210266107612408],[103.91068313330747,1.4215064715703558],[103.91257793232823,1.4211060517445584],[103.91287653626317,1.420558143030846],[103.91305264941649,1.4199184049946287],[103.91391954262589,1.4185091022594216],[103.91398358268,1.4181050116287948],[103.91395653758205,1.4171350832393685],[103.91410751722647,1.416249695695133],[103.91503049644436,1.4163789463569045],[103.9151810081636,1.4169474579597772],[103.91555159596939,1.417293567079172],[103.91592421740354,1.4173611277402611],[103.91630185147075,1.417234956428438],[103.9174443186778,1.4159539418247071],[103.91835665182461,1.4153540986643283],[103.9186824303624,1.4150224612593976],[103.91880501451375,1.4146509851230185],[103.91861447942509,1.4141411277277438],[103.91910933376789,1.4136342356632807],[103.91953053722204,1.4133496196700317],[103.91999725021522,1.4132555366936548],[103.92052362665571,1.412947101990538],[103.92133592658568,1.4127108054634714],[103.9226671463977,1.4117101121165896],[103.9235012403263,1.411204312992837],[103.92491868892769,1.4097373210978932],[103.92587726805024,1.4085069552512435],[103.9268648294422,1.4076463203392264],[103.92774878881282,1.4066502645620205],[103.92895313236487,1.4057813921232067],[103.93087484923227,1.4038729512915837],[103.9311584703492,1.4032222395513387],[103.93114782303188,1.4027456833573377],[103.93100922060013,1.4023595109295002],[103.93075371947283,1.4020476313580037],[103.93039404247227,1.4017832378568473],[103.92981199345734,1.401600607010521],[103.92985086475277,1.4013049321355093],[103.93011320358046,1.4013467787694427],[103.93012279907673,1.4012920418151449],[103.93005881329634,1.4012791654446928],[103.93021873738618,1.4003615127647113],[103.93028911759576,1.4002906738152472],[103.9300395771288,1.4002649261273552],[103.93013739574091,1.399696115872978],[103.93407933260673,1.4011487567551448],[103.93444084243295,1.401169789219606],[103.93477911792677,1.4009881549763397],[103.93848275366595,1.3974155606187681],[103.93868408896194,1.3970443251882594],[103.93858575269115,1.3965939588835048],[103.93661110540029,1.394753449352356],[103.93637804046294,1.3943242889211527],[103.93628598849098,1.3937074760563954],[103.93615185430218,1.3933995347162746],[103.93644407507061,1.3929996271762917],[103.93666940682164,1.3931013589442915],[103.93756894066213,1.3932474667849775],[103.93795857418965,1.393520621170784],[103.93986833376724,1.3952738950179557],[103.94025895363393,1.395408015850664],[103.94074320257762,1.395241874922554],[103.94290536848536,1.3930956881606569],[103.94312942168108,1.3927483491310708],[103.94323437563715,1.3922466364834762],[103.94264675663875,1.388889671373382],[103.94262428813319,1.388291529781382],[103.94286850019134,1.3876832215920851],[103.94375507188064,1.3867025473356072],[103.945755738689,1.385453521751775],[103.94924069142544,1.382989645543731],[103.95058223979201,1.3827662234596019],[103.954217931526,1.3817821092976694],[103.95811085184101,1.3813402335125686],[103.96135545710875,1.3815465220587704],[103.96331287897182,1.3819998757177547],[103.96475923895714,1.3820909191241573],[103.9654351128137,1.3816666724135145],[103.96622424511237,1.3806106546466472],[103.96750640639233,1.3810871672417306],[103.96760920406105,1.3819056539576557],[103.96781427086027,1.382001485631573],[103.96736543227122,1.3832216605945202],[103.96839110090248,1.3837425297678354],[103.9692508753214,1.3843889542152796],[103.97069672744034,1.3861546363112827],[103.97154106068825,1.3867278715890068],[103.9717880009407,1.3867814676176313],[103.97276683809554,1.3873147750601684],[103.9732845248364,1.388845803797177],[103.97309683576646,1.3889960936171788],[103.97323436327966,1.3892512654758025],[103.97331413497679,1.3892174511697386],[103.97348438241247,1.3893823721195337],[103.97365489285167,1.389663982791247],[103.97388002945135,1.390506734664384],[103.97406922000084,1.390612796773768],[103.97421469769913,1.3908271931326939],[103.97458139609364,1.3907904892767313],[103.9746655095461,1.3906780015525106],[103.97459638473677,1.390797284649715],[103.97463625691876,1.391048922605314],[103.97481922432867,1.3909793598548903],[103.97490688780378,1.3910588063265026],[103.9750016262291,1.3912815267170477],[103.97523634128424,1.3915055372956855],[103.97528482756347,1.3917315188824648],[103.97614721121941,1.3920866182203238],[103.97659743832075,1.392431260906494],[103.97729528917661,1.3924403250452506],[103.97737910559125,1.392498564374536],[103.97773578794617,1.392450892526793],[103.97818575232021,1.3925793789977268],[103.97930165036044,1.3927049915123328],[103.97931815079218,1.3925423953907936],[103.97931966439558,1.3927095682658381],[103.98058150296015,1.392705385289248],[103.98114809649256,1.3930379600434233],[103.98143117834536,1.3933951430758826],[103.98140333686932,1.3934960181750675],[103.98105475778387,1.3934704702920602],[103.98268804202729,1.3937807722994475],[103.98229038379091,1.3936586691105317],[103.98259947371159,1.3933645584513032],[103.98316093974745,1.3932322561732513],[103.98414578506596,1.3931566182132038],[103.98438944979229,1.3933207648190216],[103.98422173481943,1.3935146091257609],[103.98644370322091,1.39329220641268],[103.98687036013877,1.3931885875552907],[103.9880327371697,1.393132771673388],[103.9902452132782,1.3923332419458643],[103.9907084979677,1.3921958077361456],[103.99190076847033,1.3920392196080729],[103.99311373595926,1.39158044372179],[103.99463915526047,1.3915306066586748],[103.99507091643659,1.3914048427654762],[103.99607977725837,1.390648487048671],[103.99685274624964,1.3904906088336737],[103.99748580731872,1.390166997133798],[103.99845718164975,1.3894205603770273],[103.99858368147694,1.3892708798378945],[103.99853334516733,1.3891674245547558],[103.99860227181577,1.3892542563861372],[103.99890325914845,1.3891398878604444],[103.99913083564049,1.3889348985342824],[104.00010747448857,1.3874819356865642],[104.00046668977214,1.386763117387852],[104.00068962282334,1.3861975381314293],[104.00076899496419,1.3856775189930932],[104.00104845381307,1.3850914890178652],[104.0011535248115,1.3845684194477708],[104.00150158249959,1.3838969188933248],[104.00167935556692,1.3837642998595592],[104.00193064169353,1.3833776235828816],[104.00237730568465,1.3824161192179931],[104.00285911065922,1.3816447838622556],[104.00376610803237,1.379597391809989],[104.0043263509824,1.3777435676585148],[104.00469065296814,1.377170971910765],[104.00546722803496,1.3762347491271685],[104.00616436605625,1.3745068813329722],[104.00687035743799,1.3738220673516401],[104.00714850460984,1.3736360020527671],[104.00761039315893,1.3734821365563916],[104.0077995348805,1.3735130246526146],[104.00784959390167,1.3736344493973927],[104.00842722046886,1.3736395617309909],[104.00842703432484,1.3735512148151272],[104.00858095925575,1.3735555172590972],[104.00858820777414,1.3736387540190134],[104.0088616870598,1.3736422065632556],[104.00885929542687,1.3727601392196658],[104.0086961299712,1.3725871019791795],[104.00682395272898,1.372513759222754],[104.00639380901316,1.3718819214009697],[104.00607475942839,1.3711064675357807],[104.00585032770041,1.3703990480868538],[104.00587181531216,1.3700500783611158],[104.00893208296958,1.36878832485802],[104.01005635554749,1.368649876487032],[104.0107465785701,1.368731862412212],[104.01143270309481,1.3689456245274654],[104.01168379400615,1.3690701469564512],[104.01247952046626,1.3698544150414405],[104.01290840177786,1.3700512718189968],[104.01360516949289,1.3700977276771455],[104.01982222039383,1.3674883498973713],[104.02088356460862,1.366991149350081],[104.02115968865121,1.3666053360414891],[104.02160220990966,1.3664887527658744],[104.02799748816659,1.3636962111530315],[104.03211739107822,1.3609864945487444],[104.03279203036409,1.360966063297053],[104.03701478270406,1.3581617804534045],[104.04135168843564,1.354852270955187],[104.0422243683235,1.3537975055492133],[104.04280272272409,1.352927978107936],[104.04306232181015,1.3522612897148685],[104.04355327054269,1.3504231658566948],[104.04359762435132,1.3494937439147212],[104.04349401854367,1.3491538498488553],[104.04328030440288,1.34882268334853],[104.04302002177289,1.3486389131814231],[104.04273320492256,1.3485616244317842],[104.04238647237787,1.3485900874508874],[104.04205816242293,1.3487498074117166],[104.04182031661136,1.3490913860158171],[104.04180593073553,1.3495137949877258],[104.04193329875865,1.3498018583278246],[104.04261096835732,1.3506997914234515],[104.04269422494768,1.3511811560741742],[104.04264110572008,1.3517467102222678],[104.04240316734723,1.3525833346848857],[104.04206326394804,1.353250572608741],[104.04117720567166,1.354317891590851],[104.03785685507866,1.3569328031438395],[104.03692705554096,1.356971534356822],[104.0366840644773,1.357049239332611],[104.0347313047685,1.3583503238123675],[104.03440325481431,1.3581995585195523],[104.03355264664417,1.3586987633004588],[104.03303002407858,1.3587878056860165],[104.03262273912398,1.3587476398743195],[104.03187117162737,1.3583898021050038],[104.03133050881317,1.3576532319123518],[104.03142886492373,1.3574064495713511],[104.03228180743096,1.356882120447234],[104.03248643500642,1.3565338891567136],[104.0325706034048,1.35586709746944],[104.0315901414472,1.3537965681472839],[104.02781566509456,1.344657647737953],[104.02562351863186,1.33967914326922],[104.02474629586823,1.3370101944358206],[104.02276368797453,1.3330840811167324],[104.02188599048533,1.330588839769553],[104.02115857995493,1.328957801497624],[104.02069305111092,1.3273032205037911],[104.02075786592927,1.3256633219498957],[104.02138913033646,1.324320290554781],[104.03254994993407,1.3245957283392782],[104.03273515529163,1.3179941122873626],[104.03355339572069,1.317434562649112],[104.03269498063598,1.3161765245090136],[104.02906343909822,1.3160813497955202],[104.02895238154598,1.3203756547697667],[104.02266464223756,1.320209208889302],[104.02277675209277,1.315915454178991],[104.01535021003903,1.3157202184636096],[104.01508497098517,1.3124640196568222],[104.01492464933555,1.3118454951574865],[104.01465819805938,1.3112652436589336],[104.0140787459598,1.3105061505027953],[104.01345757828902,1.3100095154645586],[104.01259183610978,1.3096131516111822],[104.01165292587771,1.309460356788587],[104.011019026529,1.3094998819361259],[104.01040205729164,1.3096515843931604],[104.0065219397649,1.3113314573736143],[104.00562149879285,1.311526927811627],[104.00520613451239,1.311498255760847],[104.00451582901589,1.3111269991057204],[104.00312768612227,1.3105986219939734],[104.00216745280864,1.310413935452674],[104.00058806526503,1.3104540790326622],[103.9992346078044,1.310796415046493],[103.99127367659756,1.3142176885348342],[103.98391172454532,1.3120245628342018],[103.98386640643811,1.3121008737996045],[103.98393756799841,1.3121959739614582],[103.98457880957866,1.3123965585951887],[103.9849002049507,1.3126162997734123],[103.9851527309526,1.3130241315072537],[103.98520579583369,1.3134016259419037],[103.98456293555694,1.3160366237705674],[103.98419315712398,1.3166637984176344],[103.98347179675663,1.3166957788624858],[103.98282087203292,1.3163106026936902],[103.98161739431308,1.3165440997810516],[103.97930464307835,1.3165851377784306],[103.97874462841288,1.316476219535478],[103.97862951681209,1.3163448161939546],[103.97874286394747,1.3161553466618887],[103.97708920704729,1.3155601713770217],[103.9768967996446,1.315567429176128],[103.97669619110867,1.3154314998239225],[103.97669741049563,1.3161722733900203],[103.97598055847538,1.3162293935524225],[103.97516511111809,1.315978965569787],[103.97499079021696,1.3160443256339314],[103.97492702241934,1.3161780636035514],[103.974722114742,1.3162083243991727],[103.97387791697876,1.3159801205045445],[103.97300992952998,1.3160937402496693],[103.97273076641245,1.316005438686723],[103.97245821447746,1.3160729818061434],[103.97192990469046,1.3159688198554136],[103.9711171984897,1.3155261356217547],[103.97094387550918,1.3155867356964885],[103.97074136395543,1.3158255871424698],[103.97048844770349,1.3158889083026768],[103.97013002464307,1.3158336001391604],[103.96944021137959,1.3155573138789871],[103.96926770874406,1.3153195086584397],[103.96882136908053,1.3150866044265965],[103.96859030028075,1.315129099686838],[103.96850021360599,1.3153617689467276],[103.96824240598933,1.3153147697176157],[103.96749715542386,1.3150572740184632],[103.9664873504574,1.3145361634637978],[103.96628687061671,1.314563320454954],[103.96610661257863,1.3147774098351306],[103.96596458969763,1.3147564805408687],[103.96467840881732,1.314113096085439],[103.96441688767588,1.3142214290021634],[103.96415534720042,1.314131350225672],[103.9631573147356,1.3146830917019159],[103.96283304754556,1.3145064450750994],[103.96273977591227,1.3146001364569329],[103.96152890268634,1.3139494336763518],[103.96117023245569,1.3135500070386408],[103.9612084789872,1.3137238832182048],[103.96103454082167,1.3138652946642762],[103.96043353850153,1.3136934080085592],[103.95843989220553,1.3124122147402517],[103.95837569537925,1.3123013069479408],[103.95829363141273,1.312272191505016],[103.95827009010625,1.3123392321799399],[103.95832796158439,1.3125130558915492],[103.9577967789786,1.3125116509440153],[103.95591719638897,1.311378732627171],[103.95574590328056,1.3112040181996856],[103.95568290816233,1.3112453570021567],[103.95582081082169,1.3113925044877914],[103.95564896607452,1.311570801709375],[103.95504051267116,1.311617169293332],[103.95368017433762,1.3110717899220297],[103.95337752243934,1.3108701705424397],[103.95331063051354,1.3108973987041417],[103.95336161281628,1.311041004524851],[103.9530877494302,1.3111029466727597],[103.95191509867739,1.31069775245404],[103.95135734620949,1.310617646997113],[103.95120633847733,1.3105078310478218],[103.95116065131273,1.310611406265378],[103.95124553281967,1.310694179476966],[103.95105530186049,1.310779817170408],[103.95059085685871,1.3108084522328807],[103.94902729113882,1.3102292122643704],[103.94904142480199,1.3103558793847205],[103.94857275797932,1.3103742497432085],[103.94756281971961,1.3099903381606885],[103.94612073169957,1.309659823057386],[103.9443653936132,1.3090853121639199],[103.9443022033706,1.309208914274271],[103.94407820508904,1.309197498517989],[103.94334604356985,1.3087922071858882],[103.94306672889802,1.3085095490642342],[103.94285391001507,1.3086759639427887],[103.94258710255508,1.308711318161116],[103.94182957110455,1.3084774106014538],[103.94133757436845,1.3081541266691419],[103.94122138521783,1.3084503621728802],[103.94114272877388,1.3084202511876712],[103.94126528356564,1.3081107276038793],[103.93981450506888,1.307300347627876],[103.93977731088478,1.3073911707915862],[103.9393333281997,1.3073201239294325],[103.93884644445498,1.3070338683920992],[103.93877288337265,1.307167469460816],[103.93856247480116,1.3071113002035877],[103.93678265636515,1.3062104054208863],[103.93673547863146,1.3064402558232031],[103.93635685330034,1.3064259635430513],[103.93500010119241,1.3056435413956031],[103.93505964424942,1.3057338269891259],[103.93488215447418,1.3057995488674243],[103.93459961171942,1.3056980998138985],[103.93368150482287,1.3050426796126846],[103.93369860412604,1.3049742683589123],[103.93355538465701,1.304875393726905],[103.93351699479167,1.304933078275001],[103.933626292778,1.305087458667992],[103.93354156284455,1.3051834511950626],[103.93309203836023,1.3053847406762997],[103.93266991911746,1.3052572295922673],[103.93243603295045,1.3055285732212465],[103.93219086665141,1.3055995664173774],[103.9320801548159,1.305547651292052],[103.93209168294251,1.3054500528413482],[103.93150134539975,1.3050492848406798],[103.93122080953762,1.3049310141487656],[103.9303881760343,1.304838436179432],[103.9295640796432,1.3042962587179379],[103.9294852275444,1.3043130991902316],[103.92953077827727,1.3044518882945078],[103.92937729353869,1.3044829708369245],[103.92807887606006,1.3036503999991491],[103.92788648203603,1.303764165357472],[103.92748443442328,1.3037429858550944],[103.92700143273386,1.3034150039812826],[103.92703066179892,1.3035445186015122],[103.9269600035912,1.303660240894566],[103.926664269788,1.3036563034916224],[103.92636889499438,1.3035188729325722],[103.92600551256723,1.303174252443911],[103.92593193907153,1.3032060815302875],[103.92598760420796,1.3033365664753083],[103.92592308220114,1.3035037178637472],[103.92582074034257,1.3035701959897381],[103.92520098026424,1.3035875048256311],[103.9245854835605,1.3033495594333164],[103.92400527283782,1.3029863283946803],[103.92386729123136,1.3028060168427398],[103.92372118992253,1.3028141993774407],[103.9238138240735,1.3030286694880788],[103.92368161662553,1.3032042112474091],[103.92327251437872,1.3032017796770314],[103.92146260141735,1.3023825031992253],[103.92151867300078,1.3025287757248152],[103.92146731487838,1.3026323696824569],[103.92109152958773,1.3025704954622903],[103.91977067460891,1.301823198710421],[103.91950863060718,1.3019927876980983],[103.91925534469817,1.3020035266734877],[103.91867892597091,1.301908592700717],[103.91796579151855,1.3016671653221923],[103.91768616840972,1.3018409256459935],[103.91749494957855,1.301800715017513],[103.91618902359654,1.3012225824581727],[103.91541153885602,1.3006870347117567],[103.91457319639007,1.3005559355764393],[103.91323923971471,1.2997764592379961],[103.91188944975231,1.2991735823013466],[103.90813925497653,1.2982106676066398],[103.90543934378299,1.2977166553517026],[103.904354852758,1.2973860461830187],[103.9035330382853,1.2969807965607743],[103.90121192780262,1.2961808154010581],[103.90059312675756,1.2958548114328667],[103.89879285296794,1.2954397656538235],[103.8956861417201,1.2940679546029885],[103.89556908012214,1.2939780410745263],[103.89558452824922,1.2938096028403998],[103.89485239088282,1.293224809098806],[103.89471074182684,1.2932546005018914],[103.8945842733139,1.2934583315377162],[103.89413306661659,1.293641198594553],[103.89375668118139,1.293659870104549],[103.89332821109888,1.2935367176679893],[103.89078349752542,1.2912723958795063],[103.89080554917231,1.2910563870345688],[103.8900903267812,1.2903854498109715],[103.88993750195965,1.2903837195710226],[103.88977623304139,1.2906444143630675],[103.88941544502156,1.2908343063685437],[103.88908257334474,1.2908827406410006],[103.88868796921578,1.2908089197159323],[103.88837292592095,1.2906269250604951],[103.88604882369523,1.2885760631389989],[103.8861158130843,1.2884689497161952],[103.8860738028112,1.288342378449336],[103.88540322989424,1.2877568208287378],[103.88527774948345,1.2877493253188366],[103.88517519362453,1.2879242667877304],[103.88468797624307,1.2881026029278302],[103.88419437377209,1.2880548787210706],[103.88385661832808,1.2878532646436676],[103.8810344503097,1.2849038889181519],[103.88106446830824,1.284688372844568],[103.88027828284845,1.2838789902198746],[103.88009841650559,1.2838575040249665],[103.87902935622749,1.2828908734441042],[103.87594432885791,1.2807862524518858],[103.8763526492794,1.2807088892583534],[103.87697461644169,1.2807250329267124],[103.87717855493275,1.2807656273625176],[103.87724155758264,1.2809561339039355],[103.87741399364612,1.2810165305276733],[103.87759867153112,1.2808334923905624],[103.87748602968186,1.280581156075688],[103.8770214832762,1.2804597666735433],[103.87612493478512,1.2805565778721888],[103.87530727143536,1.2809364246492476],[103.87375042475797,1.282194540519761],[103.87369999190273,1.2821573366609187],[103.87385669169565,1.2819900583524346],[103.87368369042852,1.282145310677689],[103.87144334887502,1.2804932481084017],[103.87143258028252,1.280214998751883],[103.87155658970813,1.2800004236983509],[103.87176662596514,1.2802050873236817],[103.87184420440224,1.2801766918126234],[103.87156933869908,1.2799759920935596],[103.87191792615384,1.2792356548701123],[103.87210951931998,1.2785042840550398],[103.87201347927147,1.2776105823169892],[103.87159000437597,1.2767723058681324],[103.87105622099175,1.2762459011583278],[103.86306531368727,1.270367963234544],[103.86322393568817,1.2701425222173977],[103.85997058242633,1.2677850848582266],[103.86172527613148,1.265338360137277],[103.86085371592972,1.2646994131455274],[103.85909618070151,1.2671514775967463],[103.85719227331622,1.2658372782109406],[103.85659781662586,1.2656553389797132],[103.85586341313113,1.2656369561470355],[103.85526151772432,1.265788408106584],[103.85467929342016,1.2661094960249946],[103.8526131914433,1.2681059025408703],[103.85156581997525,1.2681054480474845],[103.85157062278753,1.264140650369279],[103.85165857204542,1.2641408749330465],[103.85165519067861,1.2638574749977591],[103.85174701170246,1.2638576362256202],[103.85174349145079,1.2641409557214072],[103.85184347078042,1.2640876065142248],[103.85179705793574,1.2635716213891224],[103.85121830410861,1.2635414920213484],[103.85066856977984,1.263042856029542],[103.85206964851126,1.2614581545484334],[103.85125973416797,1.260732452568692],[103.85117376272981,1.2607378070039454],[103.84570064866524,1.2668370847769523],[103.84428335141821,1.2655408195841615],[103.84673383165831,1.2624279383460055],[103.84594348772218,1.2615430030352754],[103.83945091921528,1.267619627140245],[103.83892146910354,1.2676622872428454],[103.83208107395701,1.2674142618520428],[103.82464004985597,1.263157582111123],[103.82411838839664,1.2630845663897823],[103.8241122074574,1.2612808509540359],[103.82440711369729,1.2601936161625449],[103.8304213697404,1.263628070224642],[103.83608695869064,1.2638502258663862],[103.84247731285579,1.2578623666097266],[103.84007293772297,1.2566304161828104],[103.84014061196203,1.256499148315827],[103.83927049525882,1.2560445179730286],[103.83919581430507,1.2561993409273875],[103.8363555501641,1.254808398776681],[103.8312639687343,1.2564198607788746],[103.83128553159641,1.2564938613754748],[103.83172885447136,1.2566452524066374],[103.83169443801627,1.2567458195939478],[103.83154264575155,1.2567481192941334],[103.8315337376804,1.2568137789078961],[103.83183349619829,1.2569462125160422],[103.83189865388493,1.2571626886196132],[103.83134320580025,1.2573297778453887],[103.83124809120925,1.2570532681398605],[103.83130783963804,1.2573485316371737],[103.83123119139941,1.2573734178951284],[103.83113063981942,1.2570892572521934],[103.83118684801983,1.2573931312093443],[103.83106314463566,1.2574350357654662],[103.83088804312989,1.2569320973711628],[103.83060299785073,1.2570301537779067],[103.83050471154243,1.2567491430161686],[103.82971158797444,1.256852501014271],[103.8293249703695,1.2567924460810926],[103.82874672463619,1.2569940805586428],[103.82869889653934,1.2571303963300788],[103.82855977239352,1.2567659921071967],[103.8284856840552,1.2567924238487957],[103.82843640261682,1.256665707735181],[103.82783163033189,1.2569194424322896],[103.8281922240738,1.256836738982936],[103.82824415258887,1.2569553022547901],[103.82855209707233,1.2568089358700771],[103.82868250371995,1.2571508132473113],[103.82800041088355,1.2574747726970437],[103.82681144467469,1.2576638338342845],[103.82618291479598,1.2579416458996384],[103.82501921000858,1.2588321924360928],[103.82439336724286,1.2596154889838023],[103.82441701624127,1.25971438319527],[103.82421292519385,1.2601215059364679],[103.82402322987042,1.2601577730136844],[103.82400165851642,1.256707328027501],[103.82411433223467,1.256652964826474],[103.82399545831528,1.2565513006080609],[103.8240088381426,1.2563490384974825],[103.82428089716703,1.2562428868935527],[103.82441850797089,1.2559578857513882],[103.82522423964309,1.2552695218470027],[103.82614977986606,1.2549169578311574],[103.82723661646564,1.2546317256583774],[103.82951769399959,1.2545003067629625],[103.83014248530067,1.2545712903188777],[103.83084222552911,1.2547772774229695],[103.8320779306862,1.2547038628571645],[103.83275735722574,1.2545656914798502],[103.8331387460613,1.254352101294348],[103.83410561711696,1.2535586139368315],[103.83496106765412,1.2532641178896693],[103.83656020262394,1.2532013019093549],[103.83696918248486,1.2532857591254172],[103.83715262238866,1.2531885215238097],[103.83727648019392,1.253260825331346],[103.8373000496847,1.2533819252126526],[103.83835302705418,1.2540756645959736],[103.83920465092038,1.2539941415321263],[103.84004009171687,1.2537128548281977],[103.84017970650127,1.2535439470947636],[103.8403772498071,1.253519590205981],[103.84128720134305,1.2537079125766346],[103.841593584347,1.2536802362405437],[103.84180614062566,1.2534868705375046],[103.84189535912662,1.2532030479130318],[103.84182547607126,1.25237165262045],[103.84227356534247,1.2521976621225708],[103.84380748806208,1.252408699051842],[103.84469338511295,1.252636577261405],[103.8449974755492,1.2529569110852037],[103.84520112751467,1.2530554407440686],[103.84609323261309,1.2532375485264842],[103.84646267157888,1.253213843279606],[103.848423497612,1.2521141608564772],[103.84824221445827,1.251218912787558],[103.84806212011175,1.2507944409993141],[103.84583822935443,1.2473720636118653],[103.84494566408489,1.2462945790425426],[103.84420291905589,1.2450417841557804],[103.84365645107184,1.2444109916550612],[103.84211439637699,1.2429684190405899],[103.84158675327896,1.2422934821544043],[103.84095724529551,1.2418302410702566],[103.83973362173583,1.240432385117802],[103.83831474216485,1.2395410820013522],[103.83731810702379,1.238768059433447],[103.83640527934526,1.2385937171272061],[103.83641948421544,1.2386863322496549],[103.8368726109381,1.2388726218735404],[103.8371027844578,1.2391884448836794],[103.837128700015,1.2394185153601887],[103.83671800981081,1.2394193569800802],[103.83654224112091,1.2391661078055578],[103.83622100068472,1.2390443173121442],[103.83527666998661,1.2390773003785567],[103.83488617140654,1.2389783088197224],[103.83386286925969,1.2380837373612812],[103.83310881026772,1.2378050500218214],[103.8324587823534,1.237910950151358],[103.83157298149425,1.2384629923359827],[103.83029429898733,1.2397006240308375],[103.82997482054897,1.239760647266756],[103.82980178205072,1.2396151428148277],[103.82978807083721,1.2400912458682998],[103.83002571181555,1.239959008990648],[103.83035645949245,1.2399664713031888],[103.83044895329124,1.2402349774407564],[103.83031958953323,1.2406846439615669],[103.83007499534422,1.2411251708191833],[103.82992575745051,1.2412298934086776],[103.82961433040421,1.2413588581789294],[103.82911745509287,1.2414284392881363],[103.82893353496947,1.2420863285018897],[103.8285051280739,1.24261552337939],[103.82789244839803,1.2428694525552888],[103.82736407980893,1.242778960624823],[103.82714205457627,1.242628347130002],[103.82708693135902,1.242456468775425],[103.82720602118752,1.242366171808064],[103.82736892368584,1.2424107121694339],[103.82749562494503,1.2423038345744846],[103.82750819558952,1.242176518068964],[103.82715304161286,1.2419105344066803],[103.82716262321722,1.2420250180205674],[103.82565723222746,1.2437397980836098],[103.82412390744516,1.24527196773371],[103.82367835680805,1.2458524989343267],[103.82349992121569,1.245841268767919],[103.82355662093217,1.246081136467391],[103.8233010540875,1.2465290368191793],[103.8233637692252,1.246585937001978],[103.82364346637573,1.246278398729646],[103.82376243740035,1.2463229391519448],[103.82376802602523,1.2461319200657845],[103.82396465010986,1.2462556831503602],[103.82407528428017,1.24665222053925],[103.82395364020417,1.2470913888736688],[103.82355909469618,1.2477536269047111],[103.82328867068098,1.2479284595603826],[103.82251488825564,1.2480897029703264],[103.82231934692518,1.2483748222590338],[103.8219747682016,1.2485531832957886],[103.821718793259,1.2491279071241648],[103.82102428900428,1.2497305620186294],[103.82052261135655,1.249742263898071],[103.82003035732082,1.249603534537216],[103.81998613686386,1.249489627714142],[103.82011568832635,1.2494949758843468],[103.82048402048076,1.2491906018796577],[103.8200497853825,1.2490469612007582],[103.81987455406122,1.2487961807552164],[103.8197701621744,1.248989615778873],[103.81879446455011,1.2493708800165821],[103.817847640873,1.250051821718736],[103.81774940368851,1.2500953418966037],[103.8176894840555,1.250013861858111],[103.81745849318523,1.250176440893769],[103.817405519475,1.2503439425563385],[103.81716023949961,1.2504691087968143],[103.81714174450373,1.2505667222351862],[103.81726388981136,1.250659836422843],[103.81706526123942,1.2509519433142757],[103.81634545444211,1.251454631877613],[103.8161793535008,1.2513054105474077],[103.81604452011655,1.251345174590303],[103.81605134800375,1.2514867077743916],[103.81628736360378,1.2516086720066064],[103.81583541356552,1.2523233290612812],[103.81546076623054,1.2525322448023035],[103.81485423124197,1.25258940096461],[103.81450740237618,1.2534082648907072],[103.81408085592358,1.2537173222054132],[103.81344684770735,1.2538285787586667],[103.81329932324036,1.2543530551063133],[103.8129645908977,1.2547791802815598],[103.81257415122451,1.2550023202283278],[103.81197652939959,1.255124142403221],[103.81166510375967,1.2556524427583409],[103.81109674405704,1.2561054886689305],[103.81069009475101,1.2563058200989194],[103.81035598785981,1.2563381545443622],[103.8099817039426,1.2561858950205613],[103.81002134083204,1.2558762407876145],[103.81062819580862,1.2551749291579102],[103.81080092788454,1.2553163281366837],[103.81092718085172,1.2552460238894843],[103.81047911510665,1.2547957728045402],[103.8105576725782,1.254904441998409],[103.81050263648343,1.2550401324474885],[103.8095704219145,1.2558676506596007],[103.80909959694202,1.2564480442729644],[103.80885108059539,1.2569389005289329],[103.80877682541181,1.2573950615445117],[103.80826661011062,1.257892234949249],[103.80807989465289,1.2579822174563164],[103.80796850202488,1.2581712196125314],[103.8076249790482,1.258399506896136],[103.80744569174296,1.258665816187397],[103.8071469157104,1.258781079026679],[103.80694296377968,1.259214553570255],[103.80669840363265,1.2594654562819472],[103.80672653384964,1.2598284008508291],[103.80719100111749,1.2598730794040385],[103.80725916354311,1.259976788146895],[103.80740024720615,1.2599847669675999],[103.8076590047175,1.2598569502157517],[103.80819584459668,1.2597650973218273],[103.80876445563824,1.2600522459029941],[103.80919337773706,1.2598324367887457],[103.80972657647781,1.2597670922894981],[103.81000399827366,1.2596245126160137],[103.81049194393448,1.2595948130969625],[103.81249403251365,1.2590255475695178],[103.81267357543393,1.259099897761225],[103.8140419274943,1.2590616455315724],[103.81445758481975,1.258977009973299],[103.81473572425728,1.2588275765132975],[103.815400840817,1.2593657218145027],[103.8162397783763,1.259781256095807],[103.81702335893694,1.2599982002383951],[103.81735084652595,1.260002208618089],[103.81758535654241,1.2599024902428142],[103.81788984104963,1.26002152008345],[103.81830144525946,1.2599157497781135],[103.81854620901329,1.259701966523113],[103.81878201049294,1.2597019678589452],[103.81919523777363,1.259353626813697],[103.81955861003316,1.259335153497761],[103.81973875788418,1.2588907738736983],[103.81990476287764,1.2589587676183034],[103.81977888161762,1.2592686087652072],[103.81994712671504,1.258976119890076],[103.82011273097513,1.2590440268003067],[103.82004755703746,1.2592035410906262],[103.82011847443253,1.2592127506028599],[103.82062629819437,1.258797776187451],[103.82083443480388,1.2584057005742633],[103.82096396412545,1.2578637378136521],[103.82118958023193,1.257749182050849],[103.82137321066016,1.2580370821014868],[103.82118891025613,1.2582613104267104],[103.82128960260806,1.258385000908131],[103.8230169200364,1.257615740042586],[103.82315842889284,1.257789849872592],[103.8231287699453,1.2583189955760836],[103.82334445135068,1.2592790550114077],[103.8231601103029,1.2600411075755698],[103.82340375808991,1.2609109937679681],[103.8234169834673,1.2621257514394844],[103.82325054746629,1.263073196182963],[103.81990718751076,1.263090051895252],[103.81986318329179,1.2619466620375448],[103.81806074294923,1.261958415092178],[103.81806020435917,1.2621758009309345],[103.81962615846204,1.2621651553864783],[103.81971239909744,1.2622511700018662],[103.8197167533934,1.2629399163536472],[103.81956889106158,1.2630905113404698],[103.81956985081337,1.2632385821288314],[103.81576085929694,1.2638390573890863],[103.81505249911763,1.264409173215498],[103.81311289041646,1.263530264276186],[103.81344426207404,1.2630374385653624],[103.81341130438487,1.2629760500144689],[103.81154529802231,1.2627231564053027],[103.8114547090727,1.2625984527496568],[103.81130930880711,1.2625783655675455],[103.81129340224739,1.2628805318655767],[103.81120992894334,1.2628427015640729],[103.81119686341684,1.262945681494443],[103.81071690368043,1.2629301674765387],[103.8104050935873,1.2631024553019703],[103.81027653551531,1.2636795023256808],[103.81042811625221,1.2638688686598283],[103.81085845873558,1.2639385808965393],[103.81107506686998,1.2640636564518575],[103.81124345875833,1.2643088402910654],[103.81131884272838,1.2646539104400443],[103.81156715950323,1.2648580548560393],[103.81191823347294,1.2649464594728808],[103.81215347006437,1.2648572096348956],[103.81231678883802,1.2646743935880065],[103.81246591273893,1.2642454997001578],[103.81261747739028,1.2642213815070646],[103.81293618527266,1.2644249656509843],[103.81276817900041,1.2642541207255429],[103.81311420784277,1.2637396573420607],[103.81302100455683,1.2636659146879463],[103.81493865431912,1.2645119435413832],[103.81301145053536,1.266197675370679],[103.81240469629128,1.266416662493045],[103.81153978599,1.2664385138215206],[103.81119059837131,1.2663952008046682],[103.8101868773139,1.2649933358374057],[103.80988533566781,1.2652326642597584],[103.80970645951078,1.2650162119140593],[103.80949808654603,1.2651725113944006],[103.80859488396788,1.2649951831430712],[103.80758270901163,1.2654825364137714],[103.80721789258375,1.265881555743055],[103.80627931114194,1.2650059227354955],[103.80652612427447,1.2646873166360615],[103.805526847325,1.2637562532974127],[103.80568217762541,1.2636592111803544],[103.80563573960355,1.263581797042387],[103.80538084498889,1.263740078057598],[103.80540878598309,1.2627080387776466],[103.80536689398566,1.2625159195543139],[103.80514180780644,1.2622988631873482],[103.80412534918945,1.2630992420090048],[103.80242543128483,1.2648078569652108],[103.80100080433661,1.2658892410667708],[103.80129864314563,1.266451373591164],[103.80090550267714,1.2668017060658845],[103.80031503460508,1.267197724467382],[103.80017621182085,1.2672189879188045],[103.79921008684282,1.2682016382651609],[103.79831373514591,1.266632612865869],[103.793993788632,1.2692094729272692],[103.79372513743158,1.2687568685815338],[103.79391058393416,1.2686453605377073],[103.79381849465766,1.26849004079857],[103.79358701675298,1.268629072467879],[103.78551368947726,1.2550124484313152],[103.7785694009962,1.2591833489616238],[103.78663266419264,1.2727907252882598],[103.77687184508166,1.2786698560272638],[103.77067283376248,1.2682407324156113],[103.75024302212178,1.280494919197711],[103.75022542652525,1.2805644009086827],[103.7530115630177,1.2852695617256027],[103.75649395024547,1.2858523332433096],[103.76912961419674,1.2783087166771612],[103.77228709920117,1.2836459415027024],[103.76073046451668,1.2905982807721283],[103.76199330105553,1.2928509160183954],[103.76288809176364,1.2943055638867227],[103.76305599904839,1.294458776002252],[103.76262396628141,1.2950791088861133],[103.76244982808585,1.29506987947717],[103.76231153056166,1.294945776925361],[103.76210888186792,1.2951209121708556],[103.7621577562025,1.295349683312859],[103.76185223845292,1.2957580158626971],[103.76145665594785,1.2960424822800267],[103.76100456552413,1.2965894187909732],[103.75994689704977,1.2976085341271253],[103.75968494513886,1.2979034938505134],[103.7593628453982,1.298513007678646],[103.75857077695514,1.2992893102153535],[103.75589782129803,1.2973800707012033],[103.75594124471338,1.297425600434635],[103.75540463003752,1.297165846906347],[103.75533571393579,1.297212689015172],[103.7553612496919,1.297122756235398],[103.75430290734377,1.297167448517523],[103.75434114892201,1.2970650314050767],[103.75274122564349,1.29683451706173],[103.75274707812258,1.2967692040864853],[103.75193512456165,1.2966717535324606],[103.75141419057516,1.2967877249099045],[103.75111288153451,1.296668084919446],[103.75063608825381,1.2967068511271331],[103.75021137011117,1.2965775013388987],[103.7490826913554,1.2965027154096354],[103.74846742892512,1.2967883507079916],[103.74733069031372,1.2968713887668635],[103.74694808586534,1.2971215290105729],[103.74678840496212,1.297066681995921],[103.74601050182812,1.2972871209044634],[103.74603379445496,1.2973746234294719],[103.74520643545173,1.2975925127672163],[103.74415239498302,1.2980546723773687],[103.74384240154845,1.298478166741221],[103.74389209633529,1.299093099654736],[103.74483041187165,1.3008824391274845],[103.74370283656884,1.3009908313770668],[103.74343084807114,1.3013222166642906],[103.74085592871587,1.2988138460795562],[103.73979501580354,1.299034320480119],[103.73983015203564,1.2991921766460115],[103.7394497538673,1.299331970730797],[103.73789121297008,1.2994768868654327],[103.73709251251702,1.2997948305849423],[103.73661127914438,1.2998038918935348],[103.73492718123875,1.3003326077368624],[103.73425220357333,1.3003468791538926],[103.73395248760102,1.300518035260224],[103.7334362359798,1.3005523814661508],[103.73261418753093,1.300855997642509],[103.73209105992106,1.3008744409628543],[103.73064264801204,1.301242088056531],[103.73006468929358,1.3015500750850095],[103.72965423464609,1.3016309326356175],[103.72786194252679,1.3003633818913447],[103.72760803501066,1.3002712057350323],[103.72251398698508,1.3027638907746957],[103.71584766686506,1.3084171732314682],[103.71219993009207,1.308439453085098],[103.71222289926529,1.3072097243909484],[103.71232640860394,1.306918002798289],[103.71263034126785,1.3064732519212823],[103.7145275471363,1.3062972815680411],[103.71529157560984,1.3058182777154697],[103.71535832477399,1.3058988315618756],[103.7209170337859,1.301184028491077],[103.7206737120808,1.3008929573682577],[103.72082646109054,1.3007668417565088],[103.72086265419107,1.3005691496182483],[103.72040535035698,1.2999427762757416],[103.72039900335834,1.2998144287879072],[103.72196519097916,1.299797622460793],[103.72196392998507,1.2996822663713385],[103.72272663536006,1.2996745225766981],[103.72272540978933,1.2995702783956473],[103.72196274670685,1.2995773448265366],[103.72196165661502,1.2994784011258058],[103.71187750931503,1.2996101603407488]],[[103.93208024647315,1.305547794177842],[103.93208014493366,1.3055476965106039],[103.9320801548159,1.305547651292052],[103.93208024647315,1.305547794177842]],[[103.72039388572036,1.299520794540165],[103.72039207245824,1.2995208432941845],[103.72039380504845,1.2995163595401948],[103.72039388572036,1.299520794540165]],[[103.71187771118942,1.2996163932186813],[103.71187761594379,1.2996163950227948],[103.71187750931503,1.2996101603407488],[103.71187771118942,1.2996163932186813]],[[103.71202332038764,1.3076638087790156],[103.71201649907103,1.30896405230753],[103.71164521799378,1.308964181616277],[103.71121748533747,1.3087315577090282],[103.7115991787007,1.308172751683345],[103.71185421655795,1.307537629291348],[103.71186004465844,1.307665702708184],[103.71202332038764,1.3076638087790156]],[[103.69381075530647,1.2905929385272863],[103.69382042509807,1.2905981753180489],[103.69381038688164,1.2905933762182544],[103.69381075530647,1.2905929385272863]],[[103.85566723814746,1.4010950659660018],[103.85568123795778,1.4010195056539598],[103.85565929924977,1.4011326589810706],[103.85566723814746,1.4010950659660018]],[[103.85565405585227,1.4001131771237891],[103.85562626480112,1.4000047057897471],[103.85566597826312,1.4001678906558854],[103.85565405585227,1.4001131771237891]],[[103.85543291685552,1.3995290590960023],[103.85536223706924,1.399407790083349],[103.85546546872267,1.3995912637591557],[103.85543291685552,1.3995290590960023]],[[103.82733291369233,1.36926807206638],[103.8273632475637,1.3691125123219028],[103.82738162233626,1.3690628866546515],[103.8274039483598,1.3690149303501613],[103.82743007756551,1.368968961460267],[103.82745983666143,1.3689252848560443],[103.82733291369233,1.36926807206638]],[[103.84294782511806,1.2520771376937283],[103.84294796079622,1.2520772389821184],[103.84294782062581,1.2520772435044705],[103.84294782511806,1.2520771376937283]],[[103.83107510885502,1.2391902869972127],[103.831104471747,1.2391597140513024],[103.83107875596716,1.239186565537426],[103.83107510885502,1.2391902869972127]],[[103.82305833796505,1.2575706530855233],[103.82330395614851,1.2574532141007417],[103.82305823014086,1.2575707977835002],[103.82305833796505,1.2575706530855233]],[[103.8233064819215,1.2574520058787433],[103.82360274582537,1.2573103517809443],[103.82358852434409,1.2567030886544832],[103.82351559966358,1.2567003517708928],[103.82361170282431,1.256702645602498],[103.82367782274879,1.2601776777278872],[103.82356282899407,1.26010777891998],[103.8234522993759,1.2578291981251675],[103.8233064819215,1.2574520058787433]],[[103.8236146443288,1.2601776829176263],[103.82358837920344,1.2602211737351647],[103.82361211047098,1.2601776829081113],[103.8236146443288,1.2601776829176263]],[[103.82361596127467,1.2602588451659047],[103.82367599484405,1.2605009981818525],[103.82363712273796,1.2607025882452338],[103.82361596127467,1.2602588451659047]],[[103.82363794829683,1.2607543369218834],[103.82362744546151,1.2607280144328334],[103.82363712273796,1.2607025882452338],[103.82363794829683,1.2607543369218834]],[[103.82363883235135,1.2607552357986835],[103.82366981260716,1.2608374518082455],[103.82353366338228,1.2610208062209454],[103.82356883016553,1.2629879437456168],[103.82364199051251,1.2630141860532371],[103.82356821093214,1.263070483404159],[103.82351699319896,1.2608078784952237],[103.82363883235135,1.2607552357986835]],[[103.82359361411906,1.256567735062722],[103.82350819560517,1.2565058047233741],[103.82362712248076,1.2564635496159495],[103.82359361411906,1.256567735062722]],[[103.81083384917397,1.2562538918035544],[103.81083678468256,1.256252497298089],[103.8108337880726,1.2562540500669082],[103.81083384917397,1.2562538918035544]],[[103.85770493652325,1.4253456571173768],[103.85788783156053,1.4254532201897812],[103.85806334038442,1.4254102917691096],[103.85828040482669,1.4251416092670057],[103.85885721426256,1.4249047898284746],[103.85909624768126,1.4249112660131278],[103.85921811930616,1.4247675576180434],[103.85991169869794,1.4245341017312492],[103.86019822578517,1.4242710542385766],[103.8616606331677,1.4235389107469671],[103.8619755347796,1.4234987368032774],[103.86215029477928,1.4235949706728996],[103.86239101656466,1.4235334392449632],[103.86251078842135,1.4232163099110822],[103.8630519271502,1.4229612769021067],[103.863201716597,1.4229469643034285],[103.8632359336459,1.4231271474826883],[103.8631529554268,1.4232921135556096],[103.86344701737185,1.4234296507759112],[103.8618390024453,1.4242648811148695],[103.85761506605061,1.4262364120751598],[103.85731816375406,1.4255031073195692],[103.85770493652325,1.4253456571173768]],[[103.8692337853552,1.4245441875417448],[103.86960379535881,1.4245949147050028],[103.8699647973157,1.4244947949949471],[103.87059794713129,1.4254416363579827],[103.87043140283279,1.4254800482930754],[103.87022660836908,1.425699015230644],[103.86985806329844,1.4259028014090023],[103.8693583897044,1.4264736038893073],[103.86736150797812,1.4247169007600506],[103.86827094374058,1.4246911506819815],[103.8692337853552,1.4245441875417448]]],[[[103.66028857676875,1.3970829285105741],[103.66059268691998,1.3974586194363356],[103.66059771228487,1.3977466150404703],[103.66073170590518,1.3980959593051305],[103.6610259338833,1.3985676237609581],[103.66080131656845,1.3987521834040217],[103.66081346773426,1.3988546247711047],[103.6609136440212,1.3990118352607699],[103.66125305120782,1.3992437300883338],[103.66133195599194,1.3992217029892515],[103.66151555527995,1.3990465311480347],[103.66190823045073,1.3979252495156],[103.66187581728319,1.3974131541872576],[103.66164992271486,1.3971721672467892],[103.66130068803214,1.3970266372548652],[103.66112829338634,1.3968050889111279],[103.66099604507707,1.3967725303362941],[103.66028857676875,1.3970829285105741]]],[[[103.68425442401441,1.434132322801421],[103.68434982881669,1.4344177805633143],[103.68500009545201,1.4347577297652707],[103.68531719350452,1.4350485657160952],[103.68547931298376,1.4350351474135055],[103.68565254790798,1.4348978152141012],[103.68570977956571,1.4346965407817065],[103.68546770152905,1.4343749406973663],[103.68545132352723,1.4339170699190535],[103.68527177917387,1.4335304756707064],[103.68513284279116,1.4335543851598995],[103.68498727432551,1.433725277246714],[103.68425442401441,1.434132322801421]]],[[[103.75886752714497,1.1963116735556842],[103.75534810775655,1.1963110271185737],[103.75534842110167,1.1972418896853525],[103.75887004841684,1.1972424910406891],[103.75886752714497,1.1963116735556842]]],[[[103.76045573943574,1.2131017341733328],[103.76087108547671,1.2131849686539857],[103.7615249752263,1.2128699317652452],[103.76115009444109,1.2123896371570664],[103.76121890706074,1.2120199392380537],[103.76101728313527,1.211817573184705],[103.76103279391458,1.2114549740041756],[103.76113587069007,1.2113478050318243],[103.7610676582923,1.2110051294706736],[103.76126039474637,1.2110116261647128],[103.76150963081247,1.2107049310974485],[103.76144306193436,1.2102191389664616],[103.76151006380786,1.2100593729697053],[103.76141912245514,1.209960612109894],[103.76083652186195,1.2098553763854931],[103.76144350350341,1.2098968107341042],[103.76168469169063,1.2101291819119195],[103.76192291127064,1.210188217927655],[103.76203149950747,1.210113067189685],[103.76202254327144,1.209900946398269],[103.76209639895642,1.2098792770589335],[103.76216502330102,1.2101063820369307],[103.76237658972076,1.2102215602715358],[103.76248273767308,1.2104199951555688],[103.76268464759708,1.2103695540874038],[103.7628872132296,1.2100482467378892],[103.7628939342522,1.2098337722935104],[103.76260118596359,1.2093823193178694],[103.76239886502036,1.2085854131201499],[103.7626441904679,1.208415077030965],[103.76297462230853,1.208447817337735],[103.76306659623607,1.2083650938721089],[103.76301210310133,1.2081947833869777],[103.76260290434955,1.2080808136956145],[103.76214826541575,1.2078181470961724],[103.76180774867873,1.2074103238655163],[103.76137043655613,1.2074324076906944],[103.76093576953363,1.2077646144556644],[103.76085450152168,1.207942526137359],[103.7608041883936,1.207806950567958],[103.76061752648934,1.2077525642896625],[103.76101092840551,1.2076260153414187],[103.76122054883146,1.2073841169479798],[103.76158494769271,1.2072875395926121],[103.7620120430325,1.2073946285905008],[103.76223308528995,1.2077390789125038],[103.7627836591642,1.2080088337036388],[103.76289883154313,1.207900687346965],[103.76291686415453,1.207712326726044],[103.76302037550985,1.2079229668271445],[103.7632319579213,1.2079352174270126],[103.76327039162354,1.2078022596216056],[103.76314148823639,1.207628341504778],[103.76254344842329,1.2073679050237052],[103.76251082294428,1.2072823313671937],[103.76289001472084,1.2074009984585115],[103.76295622778736,1.207266517527101],[103.76318099378,1.2073233789764628],[103.76322327424243,1.207146157137191],[103.76333269104344,1.207375722117686],[103.76344220527432,1.2074147790412468],[103.7635314900654,1.2067971182978678],[103.7633349448564,1.2062024210280964],[103.76322256370884,1.2061209466075322],[103.76334771231767,1.206147719950812],[103.76352572763862,1.2063845397037183],[103.76358916529767,1.2067026751645165],[103.76352090273168,1.206944351322582],[103.76358477832173,1.2071078331832281],[103.76504152586801,1.2078040739275606],[103.76596035021593,1.2081478686803075],[103.7665309522671,1.2082775552089555],[103.76726996406077,1.208276647325603],[103.76777225756176,1.208147624795062],[103.76895242040462,1.2076505997945008],[103.76955884600254,1.2075593122162345],[103.77001875202768,1.2075817802243987],[103.77088580982398,1.2078583642401153],[103.77209138394109,1.2086788525046908],[103.77326825432358,1.2092794116377592],[103.77441410971639,1.2097007760191845],[103.77528846946933,1.2098761088442824],[103.77528559540217,1.2102856983859387],[103.78042461562302,1.2103723672812257],[103.78045094612106,1.2097927367307497],[103.78057131402917,1.209777335943534],[103.78069810961537,1.2096370325155257],[103.78107543605458,1.2086471064911464],[103.78133650776827,1.2073899798820122],[103.78153356492926,1.205787165682163],[103.78174790015964,1.2017946130991837],[103.78163285418047,1.2010138978290057],[103.78135467711854,1.2001975772955074],[103.78078128414866,1.1992700132335776],[103.78001404007344,1.198560672189811],[103.77932706998524,1.1981360773160643],[103.77687800361875,1.1970121713507562],[103.77620417278,1.1964837639313466],[103.77596566254057,1.196095048348871],[103.7758720791618,1.1957513912718465],[103.77568764715289,1.1932706642532191],[103.77554250415132,1.1926991033636534],[103.77532413563986,1.1922924763055163],[103.77306496671933,1.1900936881340607],[103.77171746444975,1.18912602375707],[103.7707187748488,1.1886080848577107],[103.76944738429084,1.1883291041680195],[103.76831998389692,1.1883315818829807],[103.7674982173071,1.1885423634397947],[103.76650983475342,1.18902942599116],[103.76525211144654,1.1900815874763087],[103.7613008700813,1.1940455653157178],[103.76079414709507,1.1946360930793483],[103.76056184327744,1.1950732640742834],[103.76042418962744,1.1958348901983018],[103.76062987033305,1.1964710620543573],[103.76100860730794,1.1970163416962665],[103.76238441505532,1.1985048999441172],[103.76313159610221,1.1994916898602475],[103.76362814779776,1.2005594644730526],[103.76376134415726,1.2015441393949882],[103.76364834949158,1.2021718760067537],[103.76330768277518,1.2030118267900745],[103.76353568236482,1.2037681981666561],[103.76329104779859,1.2038547621735571],[103.76315251112264,1.203841614550893],[103.76330303023447,1.2036127191952917],[103.76326254605237,1.2034698610690848],[103.7628131988085,1.203079405293729],[103.76287084720451,1.2034681923090653],[103.76258790217108,1.2038586100646995],[103.76205304911188,1.2038108663873923],[103.76181661071931,1.2040700827498887],[103.76156956016452,1.2041496910632103],[103.76158087185733,1.2040683627449547],[103.76179336594781,1.2039772282933126],[103.76204272360384,1.2036998752368535],[103.76247905172997,1.2037640206131017],[103.76259754995745,1.2037009985278362],[103.76273573309325,1.2034157482968648],[103.76260504002487,1.2033492831220494],[103.7624664793902,1.2031167365704742],[103.76263391988496,1.202968995772113],[103.76264825394205,1.2028601115303634],[103.76189211745512,1.2020891641575633],[103.76163915559964,1.2019345120145541],[103.76125051489606,1.2021278467659793],[103.76122469923469,1.2024909602872778],[103.76107611809675,1.202754603981224],[103.7611425825787,1.2030011346785938],[103.7609133655714,1.2029515232551988],[103.7606995758682,1.2020914874632755],[103.75964640500308,1.2010221472524854],[103.75932862323997,1.2012272358709555],[103.75891755233005,1.2018428003770343],[103.75841012179629,1.2030995440564571],[103.75846127253644,1.2036490826764779],[103.75764648321126,1.2061013054321525],[103.75769707401679,1.206196248858328],[103.7578485390125,1.2061930661094755],[103.75771484975658,1.2063744580291942],[103.75794949628683,1.2076131231165703],[103.75803579670348,1.2088508896333892],[103.75878602704381,1.209816443639559],[103.75872588694436,1.2100100257526558],[103.75888911901582,1.2101412997000704],[103.75894312785495,1.2103030359581426],[103.75892461914883,1.211234011936791],[103.75920562760909,1.212092736535712],[103.75919999730213,1.2142795344054376],[103.75887059988679,1.2147077039632388],[103.75875807656041,1.2150203351694104],[103.75898315520527,1.216542561615075],[103.75878548057032,1.2171093096717118],[103.7589007060715,1.2174106417366795],[103.759005199897,1.2173774426995227],[103.75907690375783,1.2172281820211532],[103.7595509095472,1.2152430143637465],[103.75948974933115,1.214550883431787],[103.75972933136546,1.2140790214749948],[103.75976798037468,1.2135695640810042],[103.76010264388059,1.2129007449074192],[103.76045573943574,1.2131017341733328]],[[103.76355139443442,1.2038468520818537],[103.76366552391009,1.204179905441879],[103.763621521903,1.204218858918903],[103.76353529730201,1.2041764989646484],[103.76355139443442,1.2038468520818537]]],[[[103.7932351883194,1.2104065146993894],[103.79445844117947,1.2091840487987635],[103.79500326199997,1.2089439286350412],[103.7950971139084,1.2085977009721083],[103.7953264480646,1.2083871914977133],[103.79625484168311,1.2078588896054843],[103.79661012762038,1.2079066295715453],[103.79695630250208,1.2074920578478943],[103.79693650285253,1.2072901661758793],[103.79703182897251,1.2070751383383453],[103.7984027513967,1.204765582010187],[103.80071960149475,1.2025074188391869],[103.80132895335728,1.2018045524523124],[103.80155489710526,1.2014538250441154],[103.80152973451042,1.201046579990624],[103.80138470116621,1.2006729668761706],[103.80116193414253,1.2006016369523365],[103.8008311735049,1.2006643236210668],[103.79842639764951,1.2014347768625362],[103.79352726505229,1.2045166777164913],[103.79310748986784,1.2050769800403336],[103.79239750692712,1.2066382474295032],[103.79216888409232,1.2069838914381454],[103.79190473411224,1.2079147604569687],[103.79197640178381,1.2095482169343317],[103.79183979488371,1.2105823383416312],[103.79200147047919,1.2107250586966434],[103.79241294359011,1.210826136831555],[103.7932351883194,1.2104065146993894]]],[[[103.83659452211003,1.2134873238274415],[103.83646544191117,1.2131672148026078],[103.83629806535369,1.212964175915142],[103.8359250285025,1.2126864004655817],[103.83640023571971,1.2131365288552263],[103.83659452211003,1.2134873238274415]]],[[[103.83660591503067,1.2140224729958984],[103.83643550930495,1.2144242673701144],[103.83613094293113,1.2143448852231502],[103.83588621494508,1.214179820694459],[103.83567248028288,1.21389412462438],[103.83547402193516,1.213238553022295],[103.83514499159264,1.2127801286306752],[103.83518436255036,1.2125122130644543],[103.83549680594476,1.2125546628393005],[103.83451334418443,1.2123257043550253],[103.83418526939687,1.2123848318895099],[103.83402587285507,1.2125201430880674],[103.83398298675141,1.2126187641467456],[103.83424945662699,1.2124085325727523],[103.83427655323874,1.2126745489357604],[103.83419615776343,1.2128925480532617],[103.83392583499715,1.2130771010707369],[103.83367882415564,1.2131042800073764],[103.8337444220385,1.2129364496746151],[103.83348885735998,1.2132695636554336],[103.83342561086961,1.2134775857887845],[103.83363297030967,1.213890247706971],[103.83377076667439,1.2139838223761144],[103.83392844717743,1.2139751766125828],[103.83385713201204,1.2140717628522018],[103.8340896777548,1.214111111735369],[103.83417747089072,1.214336036427619],[103.83453808943742,1.214691243887083],[103.83459569437456,1.2150956760650145],[103.83472160352478,1.2153032007294429],[103.83471170092704,1.2151998950758132],[103.83499032723438,1.215339925046801],[103.83498401076545,1.2155029396254726],[103.83486028060182,1.2154992308962633],[103.83498070876634,1.2155814919009147],[103.83530548633118,1.2154722262554603],[103.83627375350689,1.2147940417618337],[103.83636522230212,1.2146852103285413],[103.83660591503067,1.2140224729958984]]],[[[103.7868388832532,1.2150982581210044],[103.78655341703916,1.2150283095654124],[103.7865339896925,1.2151118816047857],[103.7862507919725,1.215264859050455],[103.78620403857845,1.2155255586481901],[103.78647689695664,1.2156941198955293],[103.78687760852796,1.215668081148864],[103.7871498628676,1.2154308799281393],[103.7871701458359,1.2152266927256083],[103.78708200513248,1.2150097521088443],[103.7868388832532,1.2150982581210044]]],[[[103.83316342385407,1.2168125597827986],[103.83368866061534,1.2162620635119799],[103.83356061303589,1.2161166415718248],[103.83328026697455,1.2153496040762024],[103.83263661513554,1.2147892411012196],[103.83242231101889,1.2147679703629628],[103.83224710847409,1.214859148416937],[103.83257044752176,1.2148103815287163],[103.83250989195236,1.2151118698022656],[103.83231384827792,1.2152868743864316],[103.83190467123335,1.215337510522471],[103.83198557731836,1.2151258456530176],[103.83176600671514,1.2155608362433625],[103.83168083487244,1.2165472636939303],[103.83172453794889,1.2163203946202943],[103.83193601004733,1.2163638567304798],[103.83211259899798,1.2165226253947776],[103.83220850113105,1.2168169728552463],[103.83221443665464,1.217003178976575],[103.83195734502196,1.2169506017667981],[103.8321103713392,1.2170477759010958],[103.83234371610722,1.2170468625883835],[103.83316342385407,1.2168125597827986]]],[[[103.76371449016763,1.2400510684690267],[103.76490801319757,1.2395034138859957],[103.76502557232165,1.2396824169171652],[103.76518779891893,1.239578217523284],[103.76561026103074,1.2390587514592677],[103.76616377107885,1.2386703527984555],[103.76656203855029,1.2385009817649753],[103.7674374188612,1.2376845425151104],[103.76824287988018,1.2371351881345423],[103.76941781396042,1.2359845086835084],[103.76946304919746,1.2356448629590808],[103.77028279393198,1.234750959754205],[103.77035761485918,1.2343264816827124],[103.77048803988325,1.2341696887461935],[103.7710337933483,1.233808633145147],[103.77131656650883,1.233718003455589],[103.77146226585154,1.2337757650274364],[103.77146182403455,1.234075822383939],[103.77169665362746,1.2343087705221207],[103.77211056349684,1.2339383170738176],[103.77189475859453,1.2336923547006873],[103.77270020027203,1.2329523677852567],[103.77293551560416,1.2331623295877372],[103.77326090148722,1.2328504984586246],[103.77355050037923,1.2325659990935858],[103.77332021091148,1.2323365601548073],[103.77407150506446,1.231599060359134],[103.77435577415267,1.2318665624379568],[103.7765773178724,1.2294993084990786],[103.77647395731738,1.2293798369762652],[103.77710887861994,1.2286965874799864],[103.77700216840908,1.228533157443539],[103.77714775949484,1.2283039610099544],[103.77679849434048,1.2275614157822774],[103.777658761016,1.2271864544226798],[103.77907311315313,1.2245252922443834],[103.77896228129671,1.224459579733693],[103.77898902227054,1.224050020536968],[103.77886357012629,1.2240097936325955],[103.77631449673729,1.2247630943431538],[103.77457263234868,1.2247851039915516],[103.77326531542808,1.2249085839304832],[103.77312386419031,1.2250351068011187],[103.77300145379184,1.2253472473569471],[103.77256925120506,1.2270488605027356],[103.7725430499808,1.2277031515567498],[103.77078022184462,1.2293251738458864],[103.76973145263837,1.229831421336099],[103.76830894612986,1.2303760169733613],[103.76825649932206,1.2302716800349793],[103.76721899274247,1.2306127463592142],[103.76723113728322,1.2306801715710294],[103.76712411681257,1.230732112893929],[103.76539838382618,1.231026204778456],[103.76503439866781,1.231161099494502],[103.76297600517097,1.2311408186129713],[103.76299188604243,1.231364852754807],[103.76071391798541,1.2324516484611119],[103.76040601962548,1.2333895790641762],[103.76037135002998,1.2342855673168742],[103.75973861572433,1.236697063950484],[103.75973938868455,1.237503978669781],[103.75961889847882,1.2375078893923825],[103.75962489224581,1.2388192831762308],[103.75975598115858,1.2388273845222146],[103.75987892867828,1.2390267343051382],[103.76009295122233,1.239037544710617],[103.76012502470836,1.2391102646468506],[103.75994288793576,1.2394954338346948],[103.76006843617097,1.239845623539321],[103.76121857270068,1.2403629708046502],[103.76180443267872,1.2404277022253318],[103.76358005724327,1.2399599185263905],[103.76371449016763,1.2400510684690267]]],[[[103.82907158647637,1.2407580061498853],[103.82916457476738,1.240767131344016],[103.82911391180713,1.2405484376663516],[103.8290059677168,1.2404576120920554],[103.8288587534278,1.2404837932187336],[103.82821872445282,1.2410158662825923],[103.82819883068409,1.2412405919555405],[103.82842894259161,1.241387262345135],[103.82847759783819,1.241315482968639],[103.8283338790044,1.241210395461495],[103.82843277093762,1.2410447159407105],[103.82893300722777,1.240641704554696],[103.82902854737868,1.2406168979749599],[103.82907158647637,1.2407580061498853]]],[[[103.82236522405807,1.2472573517890013],[103.82265106292901,1.2473696389502114],[103.82247773785483,1.2471891359945741],[103.82225017695227,1.2471959720407266],[103.82118236423655,1.2479754848400815],[103.82109821626148,1.2481754938436525],[103.8212189233235,1.248407183712976],[103.8214615254185,1.2484577388382394],[103.8212775077564,1.2483051173334987],[103.82236522405807,1.2472573517890013]]],[[[103.81622592555715,1.2487371260690239],[103.816155759953,1.2485392930246069],[103.81594802863538,1.2485285360360894],[103.81501294518017,1.2490106792474802],[103.8147810849042,1.2489821575524116],[103.81464058793307,1.2490598984888568],[103.81432947493333,1.2495205608388793],[103.81425368675113,1.250030545335088],[103.81436058414845,1.2500912787531495],[103.8146421786011,1.2499109567136972],[103.81521501091039,1.2497364806883333],[103.81585410823494,1.249216840467969],[103.81622592555715,1.2487371260690239]]],[[[103.81422552184075,1.25259172968923],[103.8141879286889,1.2524152063917366],[103.8149002663572,1.2520884644226908],[103.81502357120831,1.2521163287807917],[103.81502617751418,1.252033633654865],[103.81469760451253,1.251915286109109],[103.81429144309428,1.2521199192877948],[103.81403917762309,1.252371587765858],[103.81406615890177,1.252581120312553],[103.81416796517985,1.2526631207505552],[103.81422552184075,1.25259172968923]]],[[[103.81342197279442,1.2531198547889726],[103.81349000999631,1.253038815153757],[103.813325472392,1.2529118139062272],[103.81298007764542,1.2529568576534253],[103.81255350601613,1.2534833394545448],[103.81253995474624,1.2536678569516857],[103.8126941865991,1.2537479668376434],[103.81268489667744,1.2536372815229215],[103.81311429911142,1.2531706225683383],[103.81329636815639,1.2530294534919078],[103.81342197279442,1.2531198547889726]]],[[[103.81123207345169,1.2548165706678545],[103.81182067817001,1.2541847319127344],[103.81192219373236,1.2542153183768618],[103.81196439835539,1.2541273420906431],[103.81180972615967,1.2540551363086403],[103.81164091009256,1.2541085286194888],[103.8111991810727,1.254486151571387],[103.81112443114769,1.2546386630569504],[103.81123207345169,1.2548165706678545]]],[[[103.81493556958172,1.2597916563989238],[103.81472210754812,1.2595140509805665],[103.81408932684859,1.259420788233111],[103.81346004984248,1.259409913013329],[103.81314407104016,1.259598253631295],[103.81323020207225,1.2598774498739886],[103.81339596194255,1.2600257579772258],[103.81398617890186,1.2601788352810688],[103.81464691396359,1.2601485981685503],[103.81490757031777,1.259939528927491],[103.81493556958172,1.2597916563989238]]],[[[103.8611981287232,1.2213102484475182],[103.86090181089908,1.2217424928913487],[103.8612314999444,1.2213359682466693],[103.8611981287232,1.2213102484475182]]],[[[103.84955764520197,1.2296864392540836],[103.8497307550808,1.229827819418979],[103.84985863421906,1.2300964422369771],[103.85010909808045,1.230280968254694],[103.85037327275077,1.2303620139749838],[103.85045263817698,1.2302152982891819],[103.85118052118025,1.230238607121316],[103.85171538191717,1.2306260543374914],[103.85152034739255,1.230930020075477],[103.85113023880875,1.2311513932480211],[103.85098958872207,1.2308692774516783],[103.8510388110069,1.231065533424563],[103.85133848882715,1.2315147386628702],[103.85158651751493,1.2313742619129966],[103.85353868887711,1.231833316191116],[103.85642070535994,1.2320232635864745],[103.85721112222498,1.2321296804637862],[103.85779694126298,1.2323319255384586],[103.85816584286863,1.2322426567369826],[103.85836328292915,1.2319348216273363],[103.85836068788568,1.23105566834921],[103.85769801375021,1.2298263175418591],[103.85736420691264,1.2294163293301377],[103.85706514871958,1.2292164899176796],[103.85486659496453,1.2284767668456922],[103.8547963786299,1.2285188882252192],[103.85482897050176,1.2286115772591897],[103.85514539649635,1.2286550755505767],[103.85511032100482,1.2288831739337818],[103.85499991369342,1.229018466067692],[103.85464200115624,1.2292002011595446],[103.85408522244923,1.229131620321119],[103.85366457048094,1.2288185178604651],[103.85343142694018,1.2284660667948795],[103.85326486389809,1.2280040097571412],[103.85322107427326,1.2274848320808804],[103.85346931649657,1.2264039455172049],[103.85367296855344,1.226030431166821],[103.85414396447665,1.2255727951887265],[103.85466835256871,1.2254078556137247],[103.85496219464332,1.225432030543144],[103.85521766359577,1.2255594055883539],[103.85544035214816,1.2259376653677119],[103.855051210616,1.2260591655226356],[103.85509122804032,1.2261777618462535],[103.85585656772514,1.2259107986115352],[103.85594069486712,1.2256559468661514],[103.85591730093991,1.2246811417047594],[103.8562982732614,1.2238631084181666],[103.85632285386691,1.2236316350131369],[103.85705582446712,1.2231597045721336],[103.8583130049952,1.2219280335273783],[103.8584573128337,1.221684289456762],[103.85870991713445,1.2208562013977453],[103.85889992458132,1.2206325889440186],[103.85910751095543,1.2206354754925286],[103.85911078590436,1.2207142764238312],[103.85936682268986,1.2204010152170974],[103.85945773239023,1.2200770884326153],[103.85940910387575,1.2197510777612264],[103.85928900280899,1.219631197812657],[103.85934631151339,1.2199501162414088],[103.85918256716688,1.2201053738324203],[103.85896093580085,1.2201652241465613],[103.85863465838338,1.2201085479699365],[103.85828453801315,1.2198671815951359],[103.85792850180236,1.2192227875530555],[103.85786016084134,1.2186558804715513],[103.8579428048454,1.2183809409091562],[103.85816199309743,1.218132904044374],[103.85837895826108,1.2182614032872305],[103.85842518638822,1.2181998390919937],[103.85807888761653,1.2178531900559633],[103.85773911105258,1.2176826362099815],[103.85698625919615,1.2175863153980002],[103.85698572702687,1.2176610250200328],[103.85735870694249,1.217686029209969],[103.85732114071489,1.217873415844609],[103.85703911662632,1.2181447803976166],[103.85622175513045,1.2184136905827558],[103.85595403091662,1.2187021320311904],[103.85550617232838,1.21948011421803],[103.85489686664356,1.2198822669340839],[103.85424094311522,1.2206502492063156],[103.85376702489737,1.2208332032588465],[103.85362905802906,1.2212650902881872],[103.85340588218372,1.221365248622518],[103.85298332514306,1.2218328493194952],[103.8527201947341,1.2221719592891478],[103.85258361456093,1.2226760227434486],[103.85249816078117,1.2226501666506624],[103.85173878226148,1.2215711918466396],[103.85135499615745,1.2208546839189496],[103.8512938412317,1.2208540304746347],[103.85129160847913,1.2207282884412738],[103.85162841465815,1.2201189944459543],[103.85158201701559,1.219053095330661],[103.85156590882713,1.2196510138577852],[103.85113970730204,1.2197028287229048],[103.85076203491215,1.2195100060546582],[103.85113128202332,1.217530732278905],[103.85135122007974,1.2173994395716097],[103.8514917454797,1.2174120111097742],[103.85155838904508,1.2177662261393964],[103.85161989431805,1.217766190449945],[103.8515278969005,1.2169503233181598],[103.85172736353924,1.2160891210730105],[103.85156101626636,1.2162877298809205],[103.85127768826355,1.2161899635677762],[103.85113787558778,1.2157868300822652],[103.85117381482542,1.215161359917368],[103.85126420661523,1.214917001606462],[103.85157429841847,1.2147230845950496],[103.85203214897996,1.2147448585633713],[103.8520788765113,1.214906625684545],[103.8520720279409,1.2142423874714328],[103.8522087624081,1.2141348439085387],[103.85195839202316,1.2136230698242683],[103.8515754114976,1.2133552862509953],[103.85141543368397,1.2133779859979783],[103.85107954225636,1.213879439836554],[103.85100573527474,1.2141223365793907],[103.8503041831264,1.2146762558408337],[103.84991828429537,1.2148611231920938],[103.84964942030712,1.2148299007210603],[103.84932486437548,1.214927698030555],[103.84880644781137,1.2155855382392982],[103.84868975845502,1.21606831807623],[103.84817063121089,1.216802274979551],[103.84817568765415,1.2168920775265495],[103.847610638873,1.2174845004932007],[103.84750822421834,1.2174999503102795],[103.84725589181718,1.2178218197830781],[103.84717526107643,1.2180694453811725],[103.84661112911056,1.2186398812021906],[103.84651795293618,1.2188353303879949],[103.84542676894118,1.219941974855917],[103.84521006852718,1.220046480668601],[103.84438696224184,1.2208367430507177],[103.84418658969855,1.2211941201137118],[103.84387895515191,1.2214351392298919],[103.84365210111785,1.2214909828668483],[103.84333818348843,1.2218229476362967],[103.84331668993329,1.2220388721750488],[103.8432366030552,1.2219984925612717],[103.84317266331786,1.2221685008191794],[103.84331655860043,1.2222418198953353],[103.84340456319215,1.222513049579583],[103.84366706329409,1.2226804068059585],[103.84390804512414,1.2226989308809688],[103.84434309995788,1.223206306102805],[103.8445419865238,1.2232932627129576],[103.84473826960912,1.2232654508383038],[103.845119992714,1.2234775707767955],[103.8455416244131,1.2234739414701143],[103.84620885065989,1.2232248019656453],[103.84588929380038,1.2233110473835127],[103.84586247976502,1.223215999619246],[103.8460429502869,1.2229095446294318],[103.846382529099,1.2227028475832455],[103.84682653645253,1.2226939102450816],[103.84689313001907,1.222847049703876],[103.84675699486525,1.2229046874027543],[103.84674980539616,1.2230006116591958],[103.84714281381964,1.2228233956524655],[103.84714902664223,1.2227387081390992],[103.84705065704962,1.2227803555738914],[103.84708802123536,1.222641613080944],[103.84741966453798,1.22232384541374],[103.8479624912873,1.2222257333262694],[103.84811095042183,1.22232593166339],[103.84808649305138,1.2223807110145275],[103.84860403367524,1.2221220695715296],[103.84833751713931,1.221502777992674],[103.84846091114773,1.2214353830885853],[103.84872205742005,1.2214508905573291],[103.84920468109738,1.2209880218064868],[103.84994729253268,1.2206744675055947],[103.85021741981777,1.2204650591189394],[103.85057413316909,1.2210325099015702],[103.84996398538243,1.221435826333746],[103.84981904838764,1.221625132597047],[103.85097739439898,1.220910734479444],[103.85119686759032,1.2209591626876863],[103.85228159677384,1.2227214439393732],[103.85208371775057,1.223613220958544],[103.85244321602536,1.2237433511439435],[103.8524228306268,1.2241522853750195],[103.85202289787185,1.2247749862118398],[103.85169319799279,1.2245167668948707],[103.85126132468174,1.225038832783705],[103.85075573821631,1.225243715573052],[103.85038730047597,1.2256859227381138],[103.85023306561733,1.225765428282689],[103.85071254772815,1.2264263317215554],[103.85107759810984,1.2265321490916667],[103.8516648484867,1.2260542694555867],[103.85195492792889,1.2259944979402149],[103.85222416489874,1.2262622243365269],[103.85213908114012,1.2279007005660458],[103.85023865562927,1.227821036951177],[103.85024733597436,1.229066033144648],[103.84999301113848,1.2291494434569046],[103.84966188316534,1.2283001199207224],[103.84933039074375,1.2280787966259186],[103.84914310258199,1.2281297406430447],[103.84907955904383,1.22794470788597],[103.84812143391777,1.2266770473960886],[103.84726081120655,1.2263712038414953],[103.84699077917548,1.2263896353020602],[103.84678766759588,1.2265090867137172],[103.84676245114935,1.2271520353954388],[103.84695562468082,1.2272954667467681],[103.84722517983964,1.227306271612276],[103.84768163959691,1.2276270575004358],[103.84823983789212,1.2277646355171048],[103.84876687518067,1.2281489606179659],[103.84897224050384,1.2280676298477649],[103.8490567299805,1.2281905868512033],[103.84890673097907,1.228341806651928],[103.84905310306551,1.2288759510475882],[103.84942349959005,1.2295277728038863],[103.8482172536723,1.2308630281257933],[103.84784245073406,1.2303461990241766],[103.84807780388914,1.2301733925160674],[103.84785181913836,1.23025843575048],[103.8476330313868,1.230148478784658],[103.8474080000311,1.2302481735978839],[103.84653492247516,1.2311654350792627],[103.8455787066483,1.2318496733846074],[103.84550789276017,1.23213376287413],[103.84563467535602,1.2323940566960683],[103.8458747321636,1.2325133431552167],[103.84865939412288,1.2316035867966957],[103.84875813123118,1.2315141562571],[103.84877996577416,1.2312840919408292],[103.84873349151171,1.2309632903430097],[103.84860057997,1.230719988823329],[103.84955764520197,1.2296864392540836]],[[103.85915533711655,1.2205265686526319],[103.85915256067673,1.2205244542734726],[103.85915399022794,1.2205254572007374],[103.85915533711655,1.2205265686526319]],[[103.85231050061114,1.222891475261096],[103.85231159319254,1.22288903798886],[103.852311415289,1.222889482937851],[103.85231050061114,1.222891475261096]],[[103.85218468375989,1.2279042444502735],[103.85218469903154,1.2279037904588022],[103.85222790348992,1.22790575262446],[103.85218468375989,1.2279042444502735]],[[103.85041030902406,1.2291108859046946],[103.85041023804071,1.2291108506349158],[103.85041030542972,1.2291108443039194],[103.85041030902406,1.2291108859046946]],[[103.85041044559885,1.2291108316419082],[103.85041034945742,1.2291108768607804],[103.85041030542972,1.2291108443039194],[103.85041044559885,1.2291108316419082]],[[103.85001072164651,1.2292569199218337],[103.84983436868839,1.229352720436306],[103.84950088638467,1.2296602980184776],[103.8498342968065,1.2293526842621365],[103.85001072164651,1.2292569199218337]],[[103.8494481067104,1.2295663528765115],[103.84944781828148,1.229565726153142],[103.84956649784804,1.2294583329593924],[103.8494481067104,1.2295663528765115]]],[[[103.86119252572884,1.2243764617513804],[103.86140321518371,1.2245721786434367],[103.86086217337309,1.2249750925623926],[103.86131490840104,1.2247132750167977],[103.86193211195199,1.2240373992548959],[103.86273408285352,1.222194972484059],[103.86276292204123,1.2218966401652873],[103.86256659206362,1.221547882915105],[103.86219798737879,1.2210187337817173],[103.8619795195461,1.2208101262033357],[103.86182596243437,1.2207696113780486],[103.86166522701214,1.2208095236298147],[103.86141618717359,1.2210340629663274],[103.86178540391828,1.220824317768146],[103.86195675151883,1.2208491588511519],[103.86242095900087,1.22143021844939],[103.86115195447228,1.2222407476123431],[103.86076649950304,1.2223659338390473],[103.86042266660787,1.2223164088847902],[103.86029882717163,1.2224708160345112],[103.86024447165464,1.222505874301927],[103.86058929126122,1.2220322538201545],[103.86014187953913,1.2225772749706971],[103.86007301234528,1.2230056282588386],[103.85994168495168,1.2230128373632605],[103.85968935604856,1.2232229239146895],[103.85961766499047,1.223401672412433],[103.85969336638571,1.2235246201195198],[103.85996433222599,1.2234802492679184],[103.86015404245872,1.2232688610354592],[103.86038964501249,1.2233782597179144],[103.86045214814258,1.223594827425697],[103.86038525466775,1.2237188256226321],[103.85991225875996,1.2239552766721227],[103.85956795539182,1.2239613845490898],[103.85936593930553,1.2237437239040698],[103.85940411454061,1.2234509081529663],[103.8593169038912,1.2234063599724352],[103.85909883404462,1.2234722089222263],[103.85806095770306,1.2247340795809118],[103.85796919395062,1.2249533799592052],[103.85812483009256,1.2253490744819984],[103.8582222300342,1.2253978098157778],[103.85908563559153,1.2254377745459801],[103.85901074299798,1.2253318985186354],[103.85908470716151,1.2251282971548716],[103.8601405762386,1.2244330559637036],[103.86060106398709,1.2242915181318998],[103.86119252572884,1.2243764617513804]]],[[[103.86051079232176,1.22516723760736],[103.85955612712102,1.2254232277595885],[103.85956018880037,1.2254614823687286],[103.85985051806063,1.2254305954196998],[103.86051079232176,1.22516723760736]]],[[[103.84045553819395,1.2281601756746152],[103.84041113599937,1.227812379508345],[103.8402405810294,1.227593500040788],[103.83982052900399,1.2275284410596095],[103.83934302778482,1.2276261217745739],[103.83872913798237,1.2279851452652297],[103.8383596818634,1.2285389702566283],[103.83775237289439,1.228599968967603],[103.8374466973606,1.228750151073477],[103.83685192173795,1.2294613692158163],[103.83576440902402,1.2316665575702799],[103.83552323311208,1.2325658685606216],[103.83531695522682,1.2329110604262794],[103.83534030268646,1.2332667029558448],[103.83552583869614,1.2335062673595325],[103.83544477429143,1.2338360342720638],[103.83548486740698,1.2340296886870523],[103.83601291807726,1.2348335965725965],[103.8364610975125,1.2348161544915663],[103.83707253083575,1.2344669592786763],[103.83772853002276,1.234248992675739],[103.83791104020193,1.2340283163897459],[103.83799591848235,1.2336682287419505],[103.83824027531035,1.2332499530338261],[103.83940847171542,1.2320930747994148],[103.84006432797618,1.2307258094739655],[103.84058795771908,1.2288613125467804],[103.84060242999772,1.22845790680217],[103.84045553819395,1.2281601756746152]]],[[[103.85515874644136,1.2395348483330546],[103.85491019263269,1.2392527499484836],[103.8544007560528,1.2389696127151528],[103.85407024219072,1.238862089937718],[103.85373741566178,1.2388860726849757],[103.85348066045823,1.238976796054777],[103.8521178980777,1.2398779716661967],[103.85118385847431,1.2403652266147727],[103.85057492853257,1.2405081339415553],[103.85007100994436,1.240502782451271],[103.84894173368212,1.2400459827835972],[103.8482175185447,1.2392274469466633],[103.84720233604257,1.2386261988504352],[103.84602940244247,1.2377395434055292],[103.84560876188353,1.2376586879129399],[103.84518596213614,1.2377663952242288],[103.84489382728039,1.2380431015309084],[103.84473022492011,1.238445418154683],[103.84476144429239,1.239113002333457],[103.84492672032943,1.2394664845100263],[103.84520367383439,1.2397861221142257],[103.8463432221791,1.2407920801200636],[103.84804775412637,1.2416694790002585],[103.84927624945988,1.2425435832782996],[103.85008828656369,1.2433234719911457],[103.85127501976764,1.2449825780840424],[103.85182914648065,1.2454238989934718],[103.85222606229284,1.2455506501692903],[103.85280829956105,1.2453644615408994],[103.8536333959336,1.2447335846294223],[103.85419555415076,1.244050153291499],[103.85464900314004,1.2432609870610167],[103.85501142202418,1.2424393755971572],[103.85536115154527,1.2411622029065887],[103.85539561336536,1.240162638563122],[103.85515874644136,1.2395348483330546]]],[[[104.07180795007167,1.2917639660214266],[104.07181257781245,1.2913525699745876],[104.07141345090102,1.2909293233244654],[104.07112311728922,1.290869181076939],[104.07055947335316,1.2910455574570125],[104.07048698442838,1.291368925273361],[104.07085943711475,1.2919245136817137],[104.07137175721958,1.2920603007606148],[104.07172324494626,1.2919150224367772],[104.07180795007167,1.2917639660214266]]],[[[104.08412838138288,1.3224486462870042],[104.08339968760487,1.322310583511488],[104.08322334317107,1.3226728465989235],[104.0833373206896,1.3228329006297002],[104.08379597917063,1.3229405900102544],[104.08395291448757,1.3232272937825968],[104.08409431130686,1.3232723950075138],[104.0842911625065,1.3230740352540729],[104.08439097049344,1.3227646503635093],[104.08412838138288,1.3224486462870042]]],[[[104.05482607109059,1.4313294334683226],[104.05577783407158,1.4318359389320614],[104.05664820456917,1.4318254636305978],[104.05663555262079,1.431734232442109],[104.05707175220051,1.4317183362747277],[104.05740422919746,1.4318087483318218],[104.0590483019588,1.431349218036114],[104.06245366050358,1.429926008864197],[104.06364095401936,1.4297541881931306],[104.06402457784296,1.4294795687315316],[104.06514036388916,1.4290632708573616],[104.06572263953011,1.4287178289204514],[104.06576513892075,1.4285916397530667],[104.06568224327957,1.4284012983590988],[104.0657757551746,1.4283628003415234],[104.06586713673023,1.4285766731234217],[104.06609453929755,1.4285616900929694],[104.06598643418884,1.4284107016363585],[104.06926788520079,1.4273418311466195],[104.06970921569649,1.427065803192188],[104.06983338337866,1.427087178371018],[104.07072780727678,1.426560578614817],[104.07080004958407,1.4264352725847498],[104.07085141789781,1.4264864266712445],[104.07117092707651,1.426220151957319],[104.07242911377068,1.425507884795297],[104.07261740480898,1.4252643582377105],[104.07269793138808,1.4253080121216268],[104.07420132073915,1.4239738572032656],[104.07433250092411,1.4239359328108239],[104.07423802368524,1.4237605971952394],[104.07431034099167,1.4238409506493608],[104.0744077704519,1.4238035814607368],[104.07451708077201,1.4236086541478654],[104.07484375609762,1.4234796043435887],[104.07593789023798,1.4225431640767279],[104.07606721670189,1.422231735498654],[104.07635868180886,1.422069524718355],[104.0778410623836,1.4206057960578926],[104.078754550773,1.4200905143803124],[104.07888522558832,1.4198648727496348],[104.07927728717111,1.419625800605032],[104.08013134774723,1.4192431757166086],[104.08050699925718,1.4189877815476362],[104.0809228648423,1.4182504248664167],[104.08155899127965,1.4174396469213995],[104.08166177442173,1.417059788486196],[104.08160911715163,1.4168779011669417],[104.08170054823044,1.4169678475353193],[104.08181736166772,1.4169497559620121],[104.08212284736618,1.4164026341033733],[104.08275176822258,1.4151049066349082],[104.08276523953839,1.4149602173693208],[104.08267557523618,1.4149133995495462],[104.08302579581265,1.4144040468251846],[104.08360480956087,1.4131978183083502],[104.08439697423529,1.4119900653576514],[104.08447982762233,1.4116135823143958],[104.08472543852135,1.4111367976268687],[104.08479381171294,1.4106388250791388],[104.08509151066421,1.410140511062326],[104.08518091158518,1.4094855582553831],[104.08508391737266,1.4089661704822547],[104.0843780802798,1.4079930704270256],[104.08359314597003,1.407485495485979],[104.08371796212481,1.4071771067903927],[104.08381452162013,1.4070791447311215],[104.08478929662081,1.4069953863496587],[104.08549321977213,1.4068162747000947],[104.08656857716691,1.4062633161798177],[104.08712528374278,1.4057942025292038],[104.0875959151445,1.4052377465583699],[104.08796712927777,1.4046097307752183],[104.0882284049298,1.4039279359920196],[104.08837235171858,1.403211689108312],[104.08845773334964,1.4018760287652305],[104.08843518192295,1.3998245108817569],[104.08812764230305,1.3977963474037107],[104.087680299077,1.3962174825984481],[104.08705995945532,1.3946990201438065],[104.08590277720627,1.3924048955461443],[104.08419563064807,1.3894360512176391],[104.08145173450015,1.3851382416552924],[104.08055906840521,1.3834616048786368],[104.07952887358029,1.3811473124437572],[104.0773252781304,1.3752677983755401],[104.07617609662528,1.3716307136746866],[104.07561828912887,1.369410304909394],[104.0751606954357,1.367166806463009],[104.0746022725599,1.3630806648884555],[104.07452575455743,1.3604024304909095],[104.07465804272636,1.3582627644371215],[104.07491629607655,1.3566117275306964],[104.07550837483626,1.3548162675567537],[104.07761103801239,1.3507297381621588],[104.07914062788684,1.3480205138078036],[104.08078046486705,1.345377429633839],[104.08384962711524,1.3409891087075096],[104.08407712868187,1.3405221383349541],[104.0842040609592,1.3396682415567018],[104.0840036977234,1.3388287224648294],[104.08373662137762,1.3383834803841608],[104.08337553726105,1.338011437417484],[104.08261850378112,1.3376053153429397],[104.08193779726179,1.337506050370856],[104.08142509116121,1.337570926817574],[104.08094067403354,1.3377520109442302],[104.0805101984769,1.3380397384213965],[104.03250209743744,1.3788088223040929],[104.02328237798103,1.3870321725115897],[104.0215819765789,1.3887296323591176],[104.02059368093246,1.3898978523417198],[104.01955998140795,1.3913092506215692],[104.01863397070831,1.392794448462705],[104.01782082682361,1.3943451381195484],[104.01633550231638,1.397995126511655],[104.01550097914597,1.40060404368271],[104.01554203235803,1.4012309560080136],[104.01591799444861,1.401763558984949],[104.01651788282119,1.4020132154181493],[104.02491658531108,1.401769156140433],[104.02630980229715,1.4020303907960048],[104.0269945969753,1.4022558556727602],[104.02852202354092,1.4031399231932433],[104.0292362114751,1.4038119526750927],[104.02951139359925,1.4042950351612824],[104.02964067861276,1.404707816951882],[104.02947677836296,1.4050791713311652],[104.02939454780486,1.4058136260560137],[104.02953359261124,1.4057878409856315],[104.02929499929942,1.406197163942175],[104.02851051570863,1.4067702408114346],[104.02827193149339,1.4077144023579253],[104.02838733963264,1.4080818598231948],[104.02833910314179,1.4081162168544936],[104.0290956615181,1.4093568110688768],[104.02954465672315,1.4099142197224415],[104.02989031016442,1.4109446166003596],[104.03018212939422,1.41140176765547],[104.02965857198065,1.411763305130567],[104.02864775329363,1.41211274907229],[104.02752698838232,1.4121487990527697],[104.0269705878596,1.4119540025666812],[104.02642458777828,1.4115871960202995],[104.02541303330256,1.4102588522127515],[104.02459533187923,1.409506744764818],[104.02353232593826,1.4089225504524145],[104.0224231901948,1.408629637110607],[104.02155035324066,1.4085928845210294],[104.01479959383636,1.408876212905289],[104.01436763669508,1.4089982511386718],[104.01369535322704,1.409307735630971],[104.01309341358001,1.4097396765208983],[104.01258357566446,1.4102784620331994],[104.01223725248568,1.4108068156887716],[104.00924061177507,1.418826188962812],[104.00896315057166,1.4204362515729827],[104.0089528579566,1.421254384005112],[104.00906099514393,1.4222710540884769],[104.00950808899074,1.4238419782909246],[104.00995117301643,1.4247620911277683],[104.01039028505919,1.4254506718205535],[104.01147264786802,1.426668729266071],[104.02126624344194,1.4353981633036315],[104.02281950819021,1.4364336074545034],[104.02434607364803,1.4370812445877033],[104.03606713284701,1.4403627792109936],[104.03787883553305,1.4406654007807553],[104.03954934064002,1.440664372037304],[104.04099543066627,1.4404475783689308],[104.04348295547412,1.439802532880301],[104.04398520364455,1.4393511879470973],[104.04440584803781,1.4388220436163115],[104.04600801693239,1.4357821771877777],[104.0467914447586,1.43503854423209],[104.04744438877974,1.4347224270263013],[104.04814535949349,1.4345378494530214],[104.05358542024806,1.433762224513478],[104.05400773454865,1.4335316078157314],[104.05434018552235,1.433160826249009],[104.05443900771002,1.4326453602768017],[104.054079567182,1.4323062522125156],[104.05482607109059,1.4313294334683226]]],[[[103.94794918965336,1.4064828258320634],[103.94827422027477,1.4056539247311703],[103.94914606164176,1.404581896606454],[103.94951979836885,1.404372798453953],[103.9495612704644,1.4042426677091944],[103.94964137697394,1.4042016056583],[103.94975833155061,1.4042864741873877],[103.95055251727163,1.4037921279996692],[103.95061788345275,1.403661561941952],[103.95081578834694,1.4036889179436465],[103.95194247162092,1.4034553725123105],[103.95184136660947,1.403343101116561],[103.95197310631039,1.4033179169562704],[103.95210197747573,1.4034300603166092],[103.95268756329925,1.403241009607978],[103.95311329960326,1.4029997943537726],[103.95356765560977,1.4029521381547763],[103.95394653962143,1.401848028156733],[103.95393463277037,1.4016594873782295],[103.95451713228911,1.3994591814100918],[103.95445734121422,1.3992919037688851],[103.95450495147007,1.3991853312733236],[103.95410564665501,1.3985977337099929],[103.9538060900867,1.3984759497197923],[103.9535735052374,1.398542332852388],[103.95083615711758,1.400962644936639],[103.94961496084109,1.4022437542483084],[103.94878685777424,1.4028342164881018],[103.94832409159734,1.403264272688195],[103.94576441708705,1.406019745550619],[103.94553411143556,1.40643562768677],[103.9448162306413,1.4069158515438145],[103.94401052927877,1.4081400259098578],[103.94405661148544,1.408200697374169],[103.94574238259821,1.4080585860960007],[103.94684192782289,1.4077503981932364],[103.94742240937585,1.407318843317204],[103.94794918965336,1.4064828258320634]]],[[[103.9281372976938,1.420326551514437],[103.92760426173918,1.420645087272371],[103.92742155742908,1.4211406701332585],[103.92748232988936,1.4218287646330703],[103.92728722885175,1.4217986763456851],[103.92698978229072,1.4221290422419177],[103.9263854461298,1.4223757869247315],[103.92660759138708,1.4229488273095514],[103.92650772692645,1.4230674114042778],[103.92662000330182,1.4232321184111136],[103.92665526461933,1.4234946082399964],[103.92640150121811,1.4236535982826646],[103.9270414297924,1.423826266581398],[103.92826791697512,1.423879321167012],[103.92839138859607,1.424011208291551],[103.92917922227176,1.424329176484379],[103.92992314214055,1.4250805710486167],[103.93030986425693,1.4256271604703816],[103.93048284446898,1.4260722080295245],[103.93239853732116,1.426651650397401],[103.93272906850862,1.426921641610749],[103.93293246819921,1.4272370481617322],[103.93334948110821,1.4275136834712696],[103.93359623811395,1.4280194102257582],[103.93371148602739,1.4281024618112168],[103.93436789094622,1.4279233962436113],[103.93494162692515,1.427615742881135],[103.93552330323251,1.4276256387019075],[103.93661030829709,1.426988419517916],[103.93830703316915,1.4265081547829659],[103.9385318255556,1.4263128193755752],[103.93903367621304,1.4260688535497235],[103.93927238792396,1.426095620674761],[103.93961844573012,1.4257415739165664],[103.94024316626609,1.4256066049170688],[103.94141698225422,1.4251544952653474],[103.94196978072236,1.4248373544815287],[103.94224764088558,1.4247815059569031],[103.9429414550649,1.4243371596986063],[103.94373156297675,1.4242388175811846],[103.94485968741289,1.4238905835030335],[103.94516764879243,1.4239939642140453],[103.94575635332824,1.4238663208607738],[103.94602817335476,1.4236155731109337],[103.94641630244288,1.4234624273988814],[103.94667891609261,1.423115294026841],[103.9480896763755,1.4226266684623583],[103.9490654655351,1.421601127142828],[103.94922775510686,1.4210074143232898],[103.94950136998797,1.4205086629242336],[103.94939012944307,1.4204210901295862],[103.94945558856624,1.42036117283631],[103.94961068804379,1.4204260891389817],[103.95235763150438,1.4189606921592874],[103.9528125105626,1.4188891425788994],[103.95330186238546,1.4186840268052698],[103.95344047565516,1.4191708737602022],[103.95355104826257,1.4191992730830683],[103.95399951562017,1.4192091794778467],[103.95425073961718,1.4193248341604625],[103.95464733864422,1.4192983154586847],[103.955290954909,1.4190175222625168],[103.95535050772378,1.4190834832554546],[103.95556211964382,1.4189479805229128],[103.95587747594008,1.4177333958449065],[103.95604751366179,1.417699356551446],[103.95632179190798,1.4177507187029985],[103.95660922486687,1.4179435765651078],[103.95755722573233,1.417812519725269],[103.95824021138353,1.4179256003176042],[103.95919892248465,1.4179302869232486],[103.95990713338722,1.4179121517914712],[103.96140325702474,1.4176635413708196],[103.96307479128708,1.418025409413485],[103.96345226065543,1.4182063056264598],[103.96402750698495,1.418640456992451],[103.96664261616502,1.4190747331736084],[103.96788268046994,1.419020545749382],[103.96865552509414,1.4191291232307366],[103.96925309121882,1.419079420449879],[103.96972500062596,1.4195180800926577],[103.96996758489665,1.4193960040352251],[103.97028662456522,1.4195045445772478],[103.97042597122558,1.4196899574662123],[103.97094709106544,1.4194277158060902],[103.97172156944764,1.4192028450937473],[103.97203989446929,1.4192158306214038],[103.97247442328582,1.419039951318533],[103.97268456847665,1.419069791553441],[103.97275841061094,1.4191881950898693],[103.97285251267512,1.419193181453958],[103.97339516135968,1.4187823423815793],[103.97359396035003,1.41886138951777],[103.97363488118287,1.4185500254133188],[103.9741637493622,1.41820698517453],[103.97481208755482,1.4181829083737811],[103.97515225478381,1.4183065226361848],[103.97527587847455,1.4182446928839296],[103.97548754442397,1.4184580185991043],[103.97565837355354,1.4184407076055816],[103.97640185324646,1.41811112134158],[103.97688836587241,1.4181156851862045],[103.97723129635575,1.4178906316002713],[103.97880870235413,1.4176300221752],[103.97967423020889,1.4176502068929269],[103.97997188271124,1.4178729682180797],[103.98070302440014,1.417849724645151],[103.98089505814197,1.4179445617082966],[103.98132255299286,1.4179719544711709],[103.98149269066874,1.4179637680981698],[103.98223281483064,1.4176068685683219],[103.98271866186825,1.4177311505193304],[103.98269840345117,1.4178182689129988],[103.98279669208253,1.4178393431810152],[103.98308684249461,1.4177951553321169],[103.98361189198228,1.4178883787836818],[103.98415285256488,1.4182147000549328],[103.98466679013653,1.4182230777588194],[103.98497468191644,1.4183676909883711],[103.98509450954752,1.4185246801061457],[103.98556773725579,1.418760822625304],[103.98570993500428,1.4191064598629377],[103.99242256167673,1.4195011346325679],[103.9932751614513,1.4194502286952777],[103.99421379020295,1.4192860805653433],[103.9955665664708,1.4188316475449962],[103.99714601419274,1.4178841884054707],[103.99834462401743,1.4167678880974333],[103.99929103822937,1.4154284654592117],[104.00069812688002,1.412327283189113],[104.00132950897044,1.4105650094829414],[104.00262854963984,1.406387116018548],[104.00314492260111,1.403839637168972],[104.00291126187429,1.4033465437785235],[104.00271128785276,1.403137689168098],[104.00235446061603,1.4029411787010608],[104.00153141781075,1.4027997675212696],[104.00079624519789,1.4028843990539286],[103.9964427854084,1.4040563887227147],[103.98874929671646,1.404103658883598],[103.988327469798,1.4037726783866884],[103.98831339438838,1.4035671181380986],[103.98817828583114,1.4033500624861934],[103.98831614409559,1.403021843616358],[103.98825421881573,1.402821965034947],[103.98808876659831,1.4027342982800581],[103.98784581568957,1.4028411646546617],[103.98765084362736,1.4032788610661138],[103.98747180741522,1.4032300917258511],[103.98735992008487,1.4032883761481054],[103.98733755605667,1.4034505376506416],[103.98754538633113,1.4036906777687308],[103.9875869714286,1.4039469256220192],[103.98730885935919,1.404060251425699],[103.98704988512554,1.403855738346336],[103.98698595237894,1.403888136777001],[103.98703011349973,1.4041145450928005],[103.97819515305245,1.4041704705260887],[103.97467769664838,1.4024658133755685],[103.97426680075517,1.4025183012107574],[103.97335800707752,1.4033420402484618],[103.97301907320688,1.403369607486249],[103.97287690563023,1.4034675122350382],[103.97248145161576,1.4030489441530358],[103.9723868411466,1.4030666029469636],[103.97249089048864,1.4029608497489414],[103.97227873022399,1.4027003710947805],[103.9707196129514,1.4021014228551478],[103.97061535228205,1.4021436265137],[103.97038062017397,1.4025665722133933],[103.96969345141054,1.4023599804783122],[103.96868541865585,1.4017928265292166],[103.96851535667967,1.4014264660001103],[103.9681503932901,1.4011151317707526],[103.96777157266915,1.401113280742801],[103.96748649204915,1.4009407314363205],[103.96711714000843,1.4008636983675504],[103.9668800776922,1.4008805231523307],[103.96621965002562,1.4011285622076517],[103.96227842014747,1.399738537444148],[103.96223800649356,1.3998199313335455],[103.9621122067734,1.3998289737670433],[103.96044517781768,1.399467103517004],[103.95957350756636,1.3994037379386512],[103.9584415083762,1.399463883867033],[103.95835019775511,1.3997074695987304],[103.95811548756237,1.3996840863348081],[103.95797412976084,1.400151667091013],[103.95778059394202,1.4003270965161883],[103.95762935104865,1.4002542130205753],[103.9566985402532,1.4013208488838649],[103.95656832132393,1.4015559808422489],[103.95657733237938,1.4016780773662658],[103.95670765802144,1.401782090170864],[103.95663130834917,1.4018680004620259],[103.95644705701098,1.4017278069854442],[103.95615514929071,1.4021528544395643],[103.95611341440451,1.4025778886716782],[103.95561226025714,1.4027943017608597],[103.95554089197225,1.402909611663107],[103.95562785454308,1.4030426667708187],[103.95540166122525,1.4033401404913266],[103.9553994754094,1.403643092820882],[103.95503376694892,1.4042620573352762],[103.95507643900432,1.4045616430888688],[103.95493385868816,1.4048976029434526],[103.95477341906549,1.4049211609258647],[103.95415492990576,1.4054293189255485],[103.95371453155607,1.4056434531304376],[103.95351663043856,1.4056231685995475],[103.95348172478649,1.4057767166068302],[103.95272718442045,1.4057550888457573],[103.95099811922422,1.405480658048605],[103.95049491717936,1.4055575000218579],[103.95018054357637,1.4060051479892153],[103.94944863635031,1.4075787386761958],[103.94867176295602,1.4089850153932892],[103.94854164215234,1.4095773790772834],[103.94889217299543,1.4098080282059995],[103.94885627340162,1.409948206128895],[103.94842038762556,1.409767292117492],[103.9479667238494,1.4102194586367434],[103.94755341060487,1.4104093508235884],[103.94748716828997,1.410601802363625],[103.94687200928897,1.41084111783827],[103.94667831787746,1.4109935304577705],[103.94647968920826,1.4110630675528377],[103.94615021217318,1.4110183701783738],[103.94507069588438,1.4113497465635116],[103.94467067314707,1.4111620112198544],[103.94445584335857,1.411259819291372],[103.94418186970314,1.411530055890949],[103.94394663786414,1.4119018143165245],[103.9435057698835,1.411808242928267],[103.9411070682636,1.4127228110911025],[103.94023947991637,1.4132331731596408],[103.93920571941756,1.4140025899325794],[103.93895269917321,1.414278215015396],[103.93830800245628,1.4145150056227456],[103.93826696952742,1.4144570297198467],[103.93847250368914,1.4142717074570383],[103.93844522507985,1.4141264590527372],[103.93836748581656,1.414088117627115],[103.93809145014505,1.41428721652301],[103.93772716928315,1.4142153723996862],[103.93749939871928,1.4144826498333667],[103.93725274381708,1.4150414927423687],[103.93693360048451,1.4151893161056135],[103.93572831324717,1.4155114134413636],[103.93479669446337,1.4154994447116684],[103.9344222603513,1.4156559330649832],[103.93429798373302,1.4158143936796672],[103.93414172862083,1.4158160907749733],[103.93366696724821,1.417226393423703],[103.93356935712825,1.417095979555798],[103.93343751567721,1.4170777614833372],[103.93261707836312,1.417487617949841],[103.93215326425846,1.4175017640558232],[103.93174468863589,1.4173586028802707],[103.93158159780194,1.4169965301996097],[103.93088815821763,1.4172313231771851],[103.9306570042671,1.417175642312837],[103.93038087073897,1.4174457599539996],[103.93020875592369,1.4174592512519955],[103.930141938391,1.4177094550263831],[103.92964976650308,1.4184174559657894],[103.92911365516923,1.418732006638026],[103.92902667108726,1.4189312684804343],[103.92877407846619,1.4191599733018576],[103.92865537602692,1.4189651794170772],[103.92851239094561,1.418921160967189],[103.92838120913453,1.4189949533434731],[103.92825814825748,1.419232959549063],[103.92856728253119,1.419415609929658],[103.9285584887094,1.4196513505054797],[103.92806843655718,1.41947502004246],[103.92804984274147,1.4196680199399971],[103.92826355773303,1.4199154031421546],[103.92826164360055,1.4201762874284924],[103.9281372976938,1.420326551514437]],[[103.92805092463952,1.4196679719641776],[103.92814909999757,1.4197151023926144],[103.92804984274147,1.4196680199399971],[103.92805092463952,1.4196679719641776]]],[[[104.06447102596292,1.4354716100183853],[104.064246950273,1.4356937562930059],[104.06429968113123,1.4358719136636915],[104.0644550475351,1.4359753245806508],[104.06473593064102,1.4359276508767491],[104.06473642825564,1.435746905259783],[104.06462171220521,1.435554242911566],[104.06447102596292,1.4354716100183853]]],[[[103.87263432000817,1.439293167823829],[103.87261376047492,1.438683794463952],[103.87224721219712,1.4379408625138457],[103.8714249358711,1.4371978513678672],[103.86935199344903,1.4356849256178117],[103.86840373260583,1.4353789038067777],[103.86746429565163,1.4353382986172236],[103.8662565853093,1.4356385751053018],[103.8656270074654,1.4359945416650948],[103.86503524760167,1.4365376194570827],[103.86364738355834,1.4381669453603003],[103.86319155315299,1.4391082212110466],[103.8629173052287,1.4398902497378971],[103.86260590840853,1.4399131224256436],[103.86241128596618,1.4400702020412264],[103.86163550704023,1.4413572244028208],[103.86171533813081,1.4416217090652192],[103.86163555349992,1.4416994527785523],[103.86141940224063,1.441710394654147],[103.85990907189469,1.442982918536562],[103.859652775973,1.4442743346929094],[103.85965155810733,1.4444856808655762],[103.85983034667895,1.4449297375846968],[103.85973631574174,1.445885902427073],[103.85904597589055,1.4472556368965286],[103.85873406820966,1.4476548762629324],[103.85841644505622,1.4482751122676703],[103.85783901334082,1.449685032308466],[103.85747918585564,1.4507186170549615],[103.85750233581943,1.4510758666445567],[103.85763356459125,1.451385715563367],[103.85801692230228,1.4517084742207191],[103.86053461264319,1.452746319886755],[103.86089903086922,1.4527492998425389],[103.86137326165031,1.452589184546952],[103.86236561142222,1.4518307365089562],[103.86921848161903,1.4440531566320487],[103.87228883679433,1.4401551407596467],[103.87246868498684,1.439855940742423],[103.87263432000817,1.439293167823829]]]]}}